objno_deep2,z_pred
12011416,0.6159967332420359
12023279,0.8507567215251367
13017399,0.9437776040131871
12008131,0.4938578017292714
12003729,0.6103301990605963
12003313,0.9308114371928735
11021040,0.690420089616595
13020559,0.8723636233930716
14029818,1.0470053854456218
13049159,0.6721668125531488
13026194,1.0931895093606363
13028427,0.752740982826175
13035570,0.6715470564735405
13018058,0.37471590751389905
12005533,0.6755433964040374
12027865,1.2339348854008287
14028737,0.91580889028315
13034892,0.8253744328234198
13058802,0.5528090810943119
13034266,0.7160267339315872
12015933,1.3061137292446965
13019356,0.9649745798651624
13043664,0.6766166405549916
13026703,0.897684317481625
14034435,0.5856705423891472
11045189,0.5107446340442385
12029430,0.3746623524973734
12020460,0.5390545783892859
11051190,0.5158800168503292
12020226,1.1978454788242954
13064313,1.005876321454549
12029047,0.6560916561355731
13064464,0.6861168496182568
14024652,1.1018104787193994
14012814,1.0470053854456218
14021539,0.9649745798651624
13058710,0.5505681959791954
11027452,0.8967404367831688
13026761,0.748897544147427
13055360,0.8506077998818257
12024872,0.8952360384744702
12021021,1.0470053854456218
11051962,0.32855826567090923
12027965,0.5246958128245032
13051672,0.9139279433281752
11032750,0.4556408186352498
13055272,0.7516566120914773
11101473,0.9672181647993517
11006363,0.8373062693677944
11034334,0.9687962554218211
11033434,0.5190565080497768
14028987,0.641747882176444
12004729,1.0251011824193375
14018493,0.6638533924175994
13020183,0.9600213843822226
13010247,1.0888913941701939
13003917,1.0830987318287832
12012294,0.9527237229757444
11051724,0.32383683328581475
13032491,0.4912729300718334
12101115,1.3390400553244945
12028825,0.8109023331725586
11040256,0.5125459899449231
14034601,1.1569276776907036
14023103,0.5280509407579386
11015202,0.37773026217544786
14011252,0.6490484126777019
12028457,0.4475780554413338
12007663,0.6802139779665192
14028119,1.1039204599107482
14007176,0.42318278441611207
12025109,1.0790285806594102
14028452,0.707471937098711
11013937,0.6903655306650769
12017074,0.7106472348532968
14016678,1.1193051903262388
14033288,0.46749797459487147
12029045,0.7739822853575968
13026732,0.8032508336670889
13027026,1.0677948748756667
13025375,0.7871518861117172
13012069,0.5221343373405488
12007621,0.7498827088183133
12016619,0.7447132170491941
12007683,1.0032926929556125
11045638,1.121381538877133
13005509,0.37147182528238265
13032755,0.9796999929384113
12003637,1.0021955651850916
12028626,0.8156101788175234
12032544,0.2871152956084929
14017935,0.6248795401450674
13040732,0.5155577122508898
11044620,0.2731767775662196
13034445,1.1282255702106108
13035996,1.0580208630636732
11051648,0.7781807413503004
11046508,0.40445061171252283
12024336,1.016842316577986
13051230,0.4699776814719866
12009171,0.5756976573961053
12032532,0.8226269923609052
11007823,0.24078585871834424
14011560,1.0979114411002457
13019862,0.33044547358003923
13026080,0.8164252896361701
13035330,0.37133338890471285
12029226,0.9462199282730851
12012494,0.5341149929606642
14018277,0.38865808019730597
13040940,1.1460041071372953
13034137,0.9365571476252608
12023760,0.32658216496323494
12028365,0.4136991357440388
11033809,1.0464180171873356
11045168,0.9339117893990372
12016592,0.47128929883701903
11007873,0.3001690267942214
13063785,0.5795237651551702
13011113,0.6256551905191929
14016865,0.624721277614294
11045186,0.5192462719622525
14034659,0.4125765427826431
12024884,0.7927168188689462
12015938,1.0791670333036167
14011284,0.7532883177506351
11031171,0.2929979014837889
13010923,0.7261009178961666
12008251,1.1138922616205418
13035874,0.9452456118527213
12012513,0.5246958128245032
13003434,1.3840495899388217
14018687,0.6944750338313526
12005419,0.9899665847073024
13049865,0.6247521131504926
12024755,0.78988087982093
14006846,0.5263939259016663
14023227,0.5236310108587855
11027394,0.9021241118637952
11033559,0.429602356578892
14006887,0.3984776073003242
12019713,0.39476730982118796
12019135,0.6812169662831619
13040908,0.5414043872476295
13101049,0.6274844029078129
11047070,0.5153943241082107
14016263,0.9518942987085014
13020587,0.5646969839988186
12012782,0.44911262519531114
12101118,0.7698988776529196
13020535,0.2690683928390286
12028551,0.768707237322005
14012641,1.0729794449215815
13025271,0.7035619402915728
14006544,0.6069829194328372
13011059,0.7138117117852504
13055576,0.9649745798651624
13025832,0.6439217405456458
12012068,0.7283392736440112
13063861,0.5965793229266136
11052736,0.4208753772601866
12012433,0.46842103034110033
14022965,0.9952830484120955
11046356,0.6088946672547628
14027841,0.49748932433706977
11014351,1.071666749377543
14034483,0.2560358101865736
12004443,0.6722824629919506
12025024,0.7930821919777185
13010951,0.6815514831751057
13063832,1.2533129638220304
12024917,0.22709682533138376
11051726,0.8680318283844181
13057557,0.7113114954193093
14027397,0.7266833582256723
11044350,0.7779408010633589
12019902,1.367470961499614
11044680,0.7672669630891467
13027445,0.32943948272014756
13017202,0.841350009475888
12012794,0.6805433774108379
13027139,0.775295952759347
12027358,0.6707342874084214
11040228,0.7462736308764161
11050883,1.0470053854456218
14100756,0.9649745798651624
14007996,0.5694492755042018
12023622,1.0470053854456218
13040065,0.7685798308047764
12100758,1.2222669030067088
12007196,0.6861000544765781
12015118,0.8710624968551824
13016341,0.7603996204318393
13056000,0.6034656914866205
13057505,0.9838534199776588
13003385,0.285442312075897
11051235,0.531981976374651
11038382,1.2381070562339709
12020279,1.0005081083394365
12025532,0.914217009390185
13036413,0.40500749926432417
14006178,0.42424572035326835
13034499,0.7249969996569834
11019069,0.9790920441891084
14100805,1.2373216702892589
13100238,0.7292839792806143
14039621,0.3007543155115417
12100559,0.8108261577163093
14007400,0.9931978755716586
13059034,0.2932331161912029
12100154,0.6226081027679286
13019398,0.8872127716532148
13033760,1.3521974975291209
12023941,1.3001530425835703
11050775,0.8005490972691389
12020615,0.3376782963646477
11040739,0.8640715389072241
14017067,0.7753048657953153
13064937,0.5075106276050911
13035084,1.1502369565014083
12009094,0.3474078682509814
14028799,0.9884567323273717
11031579,0.9672181647993517
13055292,0.5937281869775255
13050924,1.1436209868758767
13100756,0.42979277762612317
11014390,0.9080221917001157
13063155,0.5885995462668363
13042393,1.0992520075385614
13018922,1.166716700597728
13062953,0.9393368775352554
13057852,0.44436054272448516
14039955,0.6103082786810748
11051653,0.8672376473810393
11039583,0.24169755714393518
11020631,0.8397780688599448
12024894,0.44198737990449943
12029588,0.6298419852673565
13051092,0.7285800775039478
13009933,0.44562827144424005
13003269,1.0638854834033937
13101295,0.6381150466017839
12016787,0.2795193293349673
14012587,0.8324113963724681
12024580,0.48782095937395437
12016281,0.4856964346268665
11046351,0.8348240884388501
14029107,0.67455681305742
13056983,1.1089278926933834
13012487,0.7281545871964751
14035145,0.2732516599071194
13004837,1.0830987318287832
13043436,0.9252199877205648
12016347,0.42727624718697127
12011961,1.0470053854456218
14035098,1.1454626337688993
13036478,0.7046579401434635
11037772,1.0470053854456218
13032926,0.7509104402807062
12015392,0.8225458411629838
12008827,1.0516050355946875
13050172,0.6341259116352236
12020308,0.8602606981708788
12027772,1.0805852269662497
13010374,0.9535239646676408
12003792,0.6829064064386557
13018943,0.37440737528197776
12024858,0.4206560431835561
14016974,0.6184348599731856
12028140,0.9726239799381617
12012326,0.41030085581792336
13063956,0.717940367841747
11021273,0.8816808680599634
11032910,0.6004866281680465
11026927,0.5218935679574389
13058766,0.60161018533034
11026386,1.0398518628102695
13040203,1.0992520075385614
14100370,0.4805721039435732
12008510,0.306440896120792
12011295,0.5026534410154981
14012797,0.4291119618780514
12005047,0.8882302659804953
13009902,0.6646390044708534
14027189,0.8720504515418108
13026154,1.0992520075385614
13004292,0.4541244169335834
12101094,1.0692327516577
11007848,0.31647177788958925
11047679,0.5469653023427122
13035903,1.1793670638209672
13010896,0.7486997319293857
14006821,0.5659552762235982
11046473,0.64800725482366
13064139,0.3800712065428818
13024769,0.7364349894945865
11046267,0.5318398937671502
12100759,1.0063965133561945
13042361,0.9130187759996471
12009037,0.8287802977525206
12012215,0.37304919755988486
14100096,0.9649745798651624
11031303,0.912221222375564
13044266,0.6021335123968428
11044182,0.5260218409434448
12011668,0.7894422425961866
13101995,0.6634896697855898
14028429,0.497487115688743
13049825,0.2844277736391928
13040741,0.3906244590097557
11038273,0.5738260005497364
12020063,0.5314791708121968
11021746,0.8199624457550382
12017388,0.8633992727608004
11026382,0.2674961511120246
12008911,1.1930382361750484
13063856,0.7711616669600592
13026542,0.7730188249577823
11051499,0.8668341528991631
12011767,1.1790453274451562
13010099,0.6873065593568066
12003765,0.7208331270089208
13041676,0.2708200061024165
11032358,0.5417005712150822
13010254,1.2987287052909477
12025231,0.07501373292870464
13020230,0.7989067410999876
14016225,0.7063958225748527
12007511,0.8892371074633909
12013238,0.6089511109972282
12015531,0.6723565529607187
12012064,0.37224003699269065
14017982,0.272016602586624
14023644,0.5778596944172942
11039706,0.6776412531671038
13026112,0.4288963322062154
13033731,1.257917608074251
12016719,0.6074869949235231
14023468,0.4637118794482608
12005125,0.8022952130208316
12019377,0.4072123654197086
12016150,0.6999837997655344
12028046,0.6244866278735688
12012559,1.2129512925150658
14012963,1.1247891597294057
11051533,0.7722170951819907
12009269,1.1949315767283366
13051539,0.32366784656847214
12029027,0.5703899660377836
11039432,0.8916594731457013
12027695,0.5026289819181382
12004487,0.41873650310004495
14039135,1.2163101033612593
13027790,0.7713120723964653
13017370,0.4482642598007241
13011979,1.1951135215055562
13004693,0.3008278940744522
13025009,1.248403594863345
13033864,0.7741588465493301
13034747,0.8988978979870937
13040814,0.3665071782615562
13033966,1.3000852704358448
12003869,0.989509777833522
13033885,0.6401857044998454
13009982,1.1945383823432567
12019800,0.8357975989379728
11020734,0.3740020599344664
11021075,0.5338528446529008
11046514,1.0992520075385614
14012204,1.0009532303081534
13057879,1.0830987318287832
14034224,1.0470053854456218
13028039,0.9910031734224533
12003664,0.7952156103095526
14016307,0.6211787973198141
13049771,0.9067185242943594
11051167,1.0935906861685618
12029472,0.7832497765316809
11013886,0.4280326697542973
13036008,0.6628431515237874
13018682,0.7715568327499619
13005066,0.4653424204962035
12020127,1.2450900202191186
11020588,0.7501375688474212
13041286,0.8634517417006843
13100543,0.9536678762790024
11045209,0.8044091645965773
14033631,0.5404930014843864
12027702,0.6278181764463604
14022469,0.5908528013612783
13010199,0.7040963632365257
13016870,1.1744351832674862
13017686,1.0102051498139188
13003318,0.9003848134155956
11014349,1.155348416792643
11026450,0.3545351733644291
13049736,0.7673295458165155
11021002,0.5708636423141603
12024928,0.44856610144385456
13027875,0.4657372694122845
14034709,0.9476182340595024
11034271,0.8004195683117823
13058765,0.5637128990036475
12018990,0.5888972023259784
13058693,0.49936715351552724
12015966,1.2029878719384488
13033835,0.9788989725564902
14028474,0.299304415648136
12019745,0.7754858105022068
11015228,0.5218384032636391
14022899,0.39207783375805166
12015949,1.175116854564517
11027975,0.7729548814702193
14006713,0.6359824422389793
13033172,0.6288266843219429
13051879,0.6176004598151894
13064904,0.6072955800300306
13032467,0.3531144520372854
11041347,0.1447280197956141
12016731,0.49422008884883395
13031815,1.0992520075385614
13048997,0.5629872381376718
11045934,0.8521720872319035
12017194,0.5605559020503895
11039139,0.6347393717649882
13035927,0.7499017644371239
11051236,0.4871807426842067
12020628,0.538865963849689
12004687,0.9339443642544175
12013234,0.31290856227679625
12015626,0.9318993652188439
13024029,0.43675543771843317
14018476,0.6577214335562009
11012940,0.8235437435193805
13020619,0.4389760775173597
11039150,0.651202819652345
12008513,1.0321287878010676
11038561,0.7603995685001773
14007987,0.5227695078142776
13026538,0.5683466555413695
11051984,0.9168159497436075
12020184,0.7356852708210698
11052755,0.2445480916482139
12024828,1.0470053854456218
11032739,0.2622558347145934
14002228,0.519138861404906
13031821,1.0830987318287832
11045532,0.657391992312006
11007749,0.8464751728467013
11033882,0.4674683532790439
13019247,0.9445386546246558
12024851,0.5103501810448826
11020606,0.9214929471805481
11052341,0.37125225672651
13013039,1.013067671215333
13059316,0.2784474439687453
14100807,0.8449069944731021
12028696,0.3926426788790828
13035862,0.7278000250547076
12020179,0.65443281854804
12011891,0.5588855373833632
11026403,0.3483421174303544
11015296,0.5589617391191982
11033012,0.6479724100033701
11008311,0.7100048818836476
13017517,0.9649745798651624
11039902,0.7267880593554792
12028731,0.7777409777793257
13017296,0.5253606056633375
12028331,1.0831282235960265
13032515,0.3786842352130554
12007455,0.7134355038559215
13056258,0.5127881017813174
12024932,0.19545475940732182
11033623,0.9769432067069792
11050989,0.8305069868731061
12007472,0.964101403548441
13012163,0.804404616517448
12015255,0.6859768461194606
13010625,0.44842409503064096
12015814,0.6016657111845958
14100342,1.0671572318393896
13003388,0.8362126906113597
13048969,0.8715657543767871
11046928,0.41634013450454566
12100036,1.31346779062814
12023700,0.8549168720114814
12008851,0.9983675006514352
13016662,0.9649745798651624
13042073,0.6388084622740721
13003405,1.0918166879580897
14013108,0.3843504905999869
14027644,0.9484106550121231
11041293,1.1590994647665553
14023724,0.48373845662046355
13044269,0.8994193565232319
13024524,0.821065723481755
11040834,0.41210041314040763
11018870,0.9649745798651624
11007393,0.45465539843044656
11021220,0.4282968529255153
11032831,0.7099673048835797
13056127,0.5689714448837254
13049747,0.7895772413714119
12015439,0.8259202613817966
13032344,1.109504670254642
12015507,1.0489983815428223
13011789,1.3474510539778795
13049598,0.6410053273035796
12016362,0.8975556396177329
13049899,0.8607289291793117
13026472,0.9054669405054537
14023658,0.6037633775339973
13003400,0.8894803097098047
12024044,0.7617535678156373
11014382,0.8605766378954696
11014235,0.3612116208379245
12008575,0.6393554870362367
14033484,1.0243289090345424
11008352,0.6070221649846661
12025269,1.1840476055789486
13033105,0.678491516446951
12019339,0.7658884869367931
14022415,0.35039432684387034
11026982,0.6507385804607686
14033134,0.7729864633501261
13011072,0.7649469886000979
12007424,0.7838485296912163
13010841,0.878102034874906
12015560,0.5128669219816203
13056079,1.0567988083724502
11101590,0.5037992773513846
11039245,0.5809399624045528
12019186,0.5925769703006969
14027356,0.7232236942755768
13058245,1.2981521389908104
13049570,0.5998832885980014
13024765,0.5534526068718263
13032747,0.9560103699283965
13018541,0.880341003384039
12003550,0.9428279582405832
12027507,0.707314167642252
13010561,0.830782880676776
11032157,0.357831309979327
11051004,0.5372224982415871
12003986,0.9869598700580036
11021749,0.4696729825920201
13051207,0.5527793087358494
11026460,0.5916200598878438
13003821,0.7641118835176745
11052315,0.6343640824928569
13040189,0.44718446368632137
11051619,0.46287951143443273
13059429,1.1139839748697382
12005453,0.8369325001614975
12020726,0.36367028430501924
13063409,0.331628561469559
13042383,0.74875287388713
14034694,0.7842587377172927
12020404,0.7594940449936136
12024843,0.8401196456776132
12015154,0.7088200329603043
14028559,0.5672878138734525
13042347,0.6833363338420082
14011956,1.0622509354353442
13058170,0.7727394769244041
13011794,0.907276023112985
13048177,0.7211839010997694
11021303,0.4052109082581705
13025646,0.3986221745527104
14006211,0.5624544721103254
13010520,1.3036428482428348
14023283,0.9288588979477526
14018224,0.7346186047379574
12011520,0.39652987051348204
11038979,0.5440429133866959
12029890,0.4292964969390306
12016312,0.3666847164780346
14033265,0.534703700630398
12005203,0.5192419498006079
11002200,0.2170290224453815
12016351,0.8482699345501347
14034206,1.0389807123505836
13040878,1.2685096922539343
13025520,0.8877710104672528
13041636,0.4377652929978291
12019233,0.47750591453701163
11047477,1.1436118859903674
13012404,0.8098322066848295
13059322,0.7336059947769328
14013732,0.6007740075811798
14001836,0.7065096122665138
13010765,1.055321799673829
14016642,0.8674122776875836
13020598,0.30064493344639065
12024340,0.6203779947834535
12003490,0.5782627835142619
13041589,1.1308167312492228
14011077,0.7386425871528878
11051906,0.5042519991248142
14100569,0.9649745798651624
14028497,0.6315216835373199
14028048,0.8618445843584888
12008170,0.41366630399216686
13047725,0.2350938275419629
12012414,0.9971595827084936
11046499,0.622614718320961
12004116,0.8748551349905076
14022382,0.5738468183966877
12024253,1.1891685311860756
12007934,0.8012474962302452
13063321,0.8042642609465342
13020524,1.2924330369905488
13026042,1.017917562296887
11026861,0.924113165877609
13033547,0.7721822077736498
14005496,0.7464921134196373
12009337,0.5320683477354408
12009314,1.0470053854456218
13043565,0.30128481195600815
13034634,1.1450581482014994
11040794,0.6304659515540545
12024004,0.9004012385972402
11051273,1.0470053854456218
12023331,0.35239943673420543
14021930,0.46729935162765346
13032193,0.5262151623372332
14013785,0.616337808710773
13035249,0.9701689522516267
12011561,1.2889817883353558
12016407,0.7354463794669609
13010539,1.0227931626175175
11032667,1.1826371803869908
13033205,0.45601076532015883
14012216,0.34179467697693644
12020903,0.9606306670235728
11045907,0.9672181647993517
13003863,0.7779922953609146
13041633,0.7379243409178678
14016774,0.5355292247165215
14017658,1.1906323898233337
14021938,0.4317401913070276
13057447,0.6020424618585598
13027375,1.201051817851609
13051176,1.023316103620363
11045723,0.4864776750496684
13101020,0.7601798289945765
12101421,1.0830987318287832
13058241,0.5547581921693568
13027930,0.38203763524045714
12005326,0.5217649561730549
13043083,0.7999344675733789
11037849,0.5018862951818499
13018986,0.855993974005866
12003740,0.7037524043586855
13009817,0.448231019632641
13036568,1.311155309246242
12019983,1.133482519684778
13025410,0.5676176818862396
14039983,0.49361345557014735
13042412,1.0470053854456218
11032508,0.7132356384895999
12012065,0.9296879718487918
13063490,0.4405651112478431
14024221,0.24885904651312807
13010991,0.8792279770031315
11051456,0.819707648730426
11020672,0.8663425026499585
14100566,0.7601437066014244
13055074,1.125275859986662
12017092,1.0891034909797754
12024409,0.9703816952190781
12020984,0.5114382713329024
13058800,0.34734571856693003
14034152,0.375972852887755
13010107,1.1780835158715453
14012143,0.7148878421141537
12012170,0.6827881177423222
12005063,0.6467749065995207
11021284,0.6534362761254785
11039610,0.3056059314136275
11040153,0.5075769691873535
11045655,0.7974134237488607
13050238,0.26637726782625676
13017849,0.2120246943508562
13009718,0.614361737936611
13019294,0.7987987570432151
13018673,0.5167431524320604
12021367,0.739360357817501
12015681,0.6149418516557039
13059430,1.1009962187206936
12012425,1.204537737948431
11026246,1.0253024451577202
13003612,0.5402266511638543
11013638,0.8928720423898192
11031881,0.6637937196812793
11007598,0.5321410957054952
12012218,0.6864734515192521
13033207,0.34372114227027006
12008715,0.8199141308781204
13059362,0.2574207067377324
11032332,0.7186642752959502
13050287,1.0568048774100576
12004417,0.4378313855388722
12020728,1.0992520075385614
13058822,0.5210308448329518
11034074,0.8435701115009558
13003141,1.0230555698007158
11027545,0.7612273257273369
11047036,0.12864532868281314
12016993,0.4147560737356968
13003874,0.6522195064290208
12012167,0.9649745798651624
14022769,0.7790226957442269
14006545,0.6962051773472324
13042722,1.0830987318287832
12029182,0.39360590281148494
12020346,0.5931259612728045
12024459,1.380956122832249
12012031,0.7819715647378234
14012864,0.6732216247284978
12019627,0.9129265565704547
13018616,0.5565251338453723
12021344,0.758333335280065
13010509,0.7182275587775726
13101170,1.1101264697034567
12016224,0.6289775739396953
12010897,0.9316310277512028
12019476,0.6304557991499933
12009152,0.667488814010006
11040071,0.827235934668967
14100329,0.6980472541929668
14028097,0.5170327353598468
13033517,0.3453099935058556
13063753,0.7114520965126815
13004372,1.3153388012311826
12027512,1.1808829039259785
12101131,1.269993927809026
14039520,1.1028625057958426
13063099,1.0312021712098534
14006168,1.018880145484328
13063594,0.7937144840115612
13033927,0.7299949621786338
11050699,0.5980882725380504
11052102,0.5585317587734032
13012401,1.1377545000705351
11026682,0.559618834370766
14100307,0.6245608255608314
11031998,0.8303769044493464
13019070,0.690774854736395
14016819,0.5864977199280439
14017053,1.028910669892775
13055236,0.6490649491833023
13019090,0.7735908663329528
12024189,0.29750785936308205
12007868,0.37781091270278677
14022599,0.889058275691085
13050489,0.6491825900511203
13025471,0.31811169905303033
14007118,0.37483983041302854
13003096,0.43046015845848556
12016968,0.48585399567837373
12008562,0.8241750891147593
12012205,1.3157178093435324
12024956,1.0830987318287832
12011463,0.7512891785270813
13043396,0.6887247661284023
13033209,1.2744595053972345
14033011,0.5532563292771826
11034314,0.9672181647993517
14006783,1.113085829486376
13040217,1.179607164651864
11027767,0.9769432067069792
13003731,1.1531629476762575
13019463,0.7085236217124583
12016659,1.1319119443782366
11046444,1.0269760193508897
13026561,0.5427207004474551
12008005,0.8981992497464094
13063584,0.21070990750555965
11030927,0.887747119822163
13012099,0.5846876587992809
11044540,0.5088326672635983
14028101,0.571194203967602
13012362,0.8351763745481643
11026038,1.0737949610582527
11051146,0.7663884970886199
11052435,0.599157995750397
13064457,0.7164467898468091
12028801,1.0252059902371047
13003362,0.4469930380952299
12024822,0.3332923350451977
11013240,1.2104667281903818
12020928,0.6992237407915831
14016435,0.9579609109968182
13058168,0.9649745798651624
13049357,0.5881623187927086
11007845,0.3229440783592075
13012347,0.7446998756796667
12007512,0.715815795814679
11032123,0.46713629483225555
11025663,0.7868809211522343
13058748,0.4110797669056605
14100108,0.6268534324772744
11027927,0.5165978372471363
12027520,0.968194885159913
13043501,0.6054701652769213
12025220,1.0992520075385614
11047092,0.5289770709265962
13027485,0.29148624842159865
13012000,1.1400678755602536
11028086,1.0103712860189487
12020913,0.9649745798651624
11052466,0.9507541810757583
12016880,0.8331752400118385
12101293,1.0992520075385614
13043507,0.9382066782731913
13036564,0.9750906706621473
12027454,0.266871661172151
11051934,0.7544599198676463
13042715,0.26454331499059663
14033660,1.0558636631298637
13057521,1.0789611408039699
12025039,1.0296195272396746
11040763,0.8769113288088427
12008464,1.2152871383209496
13025833,0.8835329032081138
12011955,0.9498671826265226
13027427,1.1041414843344748
13027281,0.8767593902732175
13056628,0.7072602924575331
11052576,0.45392584852481094
12020425,0.5942283750511427
11100374,0.6512099032669959
11037816,0.7750821400760328
12023914,0.9741215480293226
13051183,0.6001542980743491
13058297,1.1157548042633898
11052294,1.0433205479454548
13033104,0.7680363964214637
11008329,0.7548102727134687
11021773,0.733196547318778
13050474,0.9302801834355536
11012985,0.3776611676790007
14007682,1.14634217765032
13051869,0.8061409111083114
13041554,0.8336156080807894
12025417,0.7031951192139955
11020482,1.0796798012181985
12010920,0.7720259592371542
14027566,0.41797867220683577
11039881,0.7856154493886562
13043718,0.5769779460560152
13033035,0.7193156563321085
13012392,0.46636880110784196
13021141,0.6009686230265853
11044664,1.1195189764550435
13056822,0.8833363540176662
13049178,0.65167949817556
13050352,0.6775757218377015
11038571,0.9160674037445271
14012838,0.666221977648613
14018310,0.6145049860192999
13025674,0.8871432048091101
12003927,0.7593738061368591
14023705,0.7258714248049437
11026348,0.7861824328573812
12007906,0.4206102865202192
13010404,0.6183961267036823
13003595,0.590629161759525
11021771,0.3439103125319272
12021446,0.918297993679463
12008622,1.0470053854456218
14017529,0.7254012587748433
12012313,0.7058833222631682
11013893,0.34831281260071895
13050886,0.630334329278056
12011483,0.47246143464013907
11022326,0.9855976941946074
12021357,1.3146732365887044
13049885,0.5601751452624326
14012084,1.179120166260907
11028367,0.5257912664536447
14021422,0.6255662262152548
12004864,1.0842317210774415
14016679,0.6425628822322258
12019248,0.7625090936749211
13043720,0.2790190154421979
13033093,0.7674179390683308
14007156,0.2576834860708149
13025995,1.0766143332520595
14100268,0.733215612867707
14028513,0.2962329297494618
13027630,1.0781980792030943
13041591,0.6153533304564122
12011927,1.3023262087612437
12016524,1.4192768836268859
12008515,0.433361067034016
13040789,1.1856301873548847
13043535,1.2706799577058996
12004848,0.4691744778201105
14012388,1.1899385576415733
13025443,0.9649745798651624
13051218,0.6937433316723463
11034385,0.5295943162594342
12029293,0.947738122184786
11038526,0.62695601784024
12028425,0.5190186785500039
14023101,0.9822112008660043
11037962,0.8521720872319035
13019123,0.2823735079512376
13064852,0.5604487473389705
13055266,0.541041115262861
13048210,0.8181937812688778
13040136,0.5425554992973669
11046480,0.5963054095073365
14007392,0.5098308905476376
13004268,0.7174827731062066
13010919,0.7542183308735877
12025577,0.7471228361548431
12015980,1.3161969940140679
12020493,0.6240693183304643
13033177,0.7524490647926791
12003894,0.6753690871593168
13034516,0.7295139036791273
12027331,1.1863007439420283
13032433,0.20706351388848732
13048303,1.0067904073105713
14027864,0.4068928505935057
14027414,0.5962023559950528
13018527,0.3381174768292122
12021033,1.1931854286151413
13034655,0.737191134061608
14017027,0.408773375562279
11044311,0.7701692079697582
13041658,0.6175773913504565
12012297,0.6884595094886033
13051197,0.29649558082280336
12023343,0.707708605829996
12012439,1.0005195043501325
14017438,1.2799038490701593
11027000,0.5308347923562793
13017974,0.7631896675746176
13064888,0.416943516371968
13011931,0.7955252893219347
12025287,0.7139854134361103
14022420,1.082734166415024
14027309,0.5574108701094791
12009206,0.9102143147632189
12012333,0.9516944059246207
12016585,0.9854891097246665
13027743,0.6150706120214808
13050930,0.910812539630871
12024014,1.249099279440033
13049853,0.8088932880773404
13009613,0.2255573944268212
13043393,1.1482253189173635
11020232,0.5951394002085972
11052077,0.47676808392049586
13050348,0.6945198068136925
13018388,0.27078186423864986
11051794,0.6619240895348012
13025574,0.8149590914098498
12024912,1.0805814287219802
13010525,0.5937225544739326
11045551,0.4190103443684954
13064634,0.9401923623162599
11025850,1.0643038945084728
13057425,0.6891599369197746
12027607,0.9329535491040667
13027082,0.7111973208294433
12028272,0.6328305091207741
14022946,0.5206509235888485
13056850,0.3345980152359735
13049221,1.2043581236117098
11044658,1.2965143646593282
12008115,0.9697767562916795
12008130,1.2511730434507955
13042944,0.68734856423922
13024761,0.9649745798651624
12023686,1.3052793859592684
13032333,0.8401196456776132
13011894,0.7624751192721375
11044961,0.49611694840364917
14017985,0.296608173170899
13051222,0.43541010844321704
14012303,0.35507542412003423
12008181,0.27133325606390624
11020634,0.5108475505179269
14016667,0.7979850033853102
14016423,0.6628431515237874
11021283,1.0599412502425074
13011635,1.0830987318287832
14028042,0.9860778413760863
11021110,0.5503980777602463
12015853,0.9642882474971988
13027156,0.44090259054511055
14022288,1.0802949600973926
13058235,0.7618347876637112
13004049,0.6025565384037465
12003564,0.6183184814398419
13019144,1.0782183388406925
13063375,0.9091833032461213
13049076,0.817124646384236
13009864,0.5137141079561586
13017980,1.0792808224819432
13042661,1.0541237554281633
12011708,1.397788390001572
11026188,0.4777519943814683
13057842,0.8336241889298394
11013278,0.8466616577325154
13010507,0.4206744306076564
13017307,0.7226869478688057
13027296,0.7660048337066394
12024833,0.6530971142980416
14006214,0.7528162427729942
12027928,0.7274113661081474
14022785,0.9771843228085381
13056845,0.6426267271576365
13040682,0.7825247044647231
13003846,0.32584893176040153
12008111,0.85291030358194
13003513,0.9091121227336403
12028158,0.74176915281779
13035134,1.0830987318287832
14039519,0.735189864410694
12024464,0.5284414512938802
12020174,0.591774444373078
12012387,1.3612399576552807
13064332,0.5460098947124921
12024995,1.0470053854456218
11039110,0.49808546036323903
13100787,0.7525148402701984
12013237,0.39578754794904936
12024904,0.39258541407408515
11027535,0.6663140135592793
11046506,0.6968162350999144
12019628,0.5327940084828464
13033182,0.3355795779893038
14007001,0.5421490044447996
14026940,0.5507561011682856
13058803,0.6743619563362239
12024976,0.4713304309401608
12017440,0.7114617858520732
13026192,0.6687470347168858
14012385,0.46509811599179685
12012284,1.0841332345327814
13019526,0.5429504350597891
14007136,0.421703045829683
11033307,0.7770654503905874
14016850,0.6825631833958503
12015891,0.8458009263386724
13049168,0.7063094235530565
13003784,0.20933347409747313
13058226,0.7943111111897344
12000814,0.5223928893336992
12019661,0.6904660836630326
11019779,0.9220844920930883
11014209,0.47265707969848186
11033162,0.7495193817063683
14029284,0.9999266170017692
13051086,1.228786550840908
11021620,0.9097611084324172
14005521,0.8503368989868394
13100318,0.7549948777991892
12004760,0.9946306312129108
14038835,0.5590746679751883
11045244,0.5052124851816613
11033276,1.0468379840514859
12004204,0.7192489493484526
13017237,0.6834396155233526
11047551,0.9244267183193742
11044639,0.4389760775173597
13063488,0.584292774672961
12028454,0.8288996156832263
12100569,0.6275009643960943
11045834,0.46986266453044834
13041503,0.6974361969859418
13048559,0.6062413647882655
12027874,0.5732711438296247
12023345,0.9415020517718536
12009697,0.5390245010895462
14016841,1.0841797734360952
13058154,0.6386029230561121
13057694,1.0406373282175168
14033797,0.44375482481561196
14029798,1.0992520075385614
13033596,1.1111440827186114
12100924,0.6888082461311272
13027980,0.9764423824618607
13033248,0.6099653378904639
13036010,0.6048122418916556
13026082,0.6104263215226364
13043497,1.1263026595766306
12017078,1.273099821032018
12028431,0.767518087474908
11025709,0.3563164769538317
14039805,0.5891732885779455
12020416,0.752633878287455
14022337,0.9505982636331842
11051996,0.8058785518995866
12023646,0.7107099223133653
12020031,0.8416765593101838
14022270,0.5361729303613963
12007776,0.5512989015107382
13027290,0.5181910950835779
12012349,0.5965902458640089
11033176,0.49879880260538456
12018980,0.37474368784917506
13033754,0.7571062764288086
12019873,1.2745110701172833
12024114,0.6042911931847932
11020707,0.8286278238168316
11040154,0.5794341804313854
11045402,0.4600795048110142
13005268,0.4028002108958101
13024653,0.2796293926514983
11038670,0.9721694214205631
12015594,0.5140116803330013
13064310,1.1355329443947701
13043733,1.0202971514302688
12007529,1.1980434272470541
12027875,0.47887187055166985
13017993,0.2571041673337462
11033173,1.056258100035338
14023564,0.8165404408795042
12021205,0.5576571118102874
11038304,0.6533248831243952
12025291,0.7506767602148985
13035532,0.591277276399469
13058547,0.5241081451654399
11020104,0.5526756624465602
12028348,1.2448562771433827
12019517,1.1650258285344635
14023046,0.6027467038017867
11025640,0.39674046604314805
12024199,0.7732175830341064
12023514,0.8750227855659477
11046423,0.41666148074448267
13025807,0.9696457484722909
13047911,0.3160576029401079
11043820,0.8612455588912361
13004520,0.94916641485864
12020476,0.765770221596423
11044247,1.0992520075385614
13040852,0.4791764362462637
14008400,0.3941161715575091
14012268,0.9649745798651624
12027970,0.6250447331175248
11041385,0.4866102567528504
14039902,0.6390873644720361
13013001,1.0501933911598087
13025974,0.852822922804574
11041195,0.3278804115351715
12015657,1.0470053854456218
11013340,1.0129920255242486
12004444,0.8498031197753771
13013014,1.130457014333231
14028557,0.6729940967614593
14029014,0.378387331534079
13056635,0.661507191015531
14101280,0.5487678194769402
11026463,0.15529435293373486
13064306,0.671719694850173
13027677,1.2750556555363757
14033803,0.5359786204023964
12020008,0.8104781611006814
13035877,0.9669247720387686
14002600,0.6757485393356757
12020896,0.7323860133601244
12016650,0.6089143413703113
13026201,0.5709896485556805
14039133,0.9382393052333245
14012604,0.5808274278630667
13009559,1.3153913720581727
12017117,0.5601058633548316
12013428,0.7044405379786103
14018960,0.7363480432997696
14100336,1.023038348947667
13017614,1.0884000805226164
13017300,0.6767950155187307
12016754,0.27625619838173676
13058483,0.8218862957151339
13059312,0.4137354460106209
12004233,1.0206064138801687
14012706,1.0531308483890685
11033781,0.46759798055252605
12011899,0.3961449513855879
14011789,0.6963684519691173
13033123,0.3754565212328686
12007448,1.0026662060808442
12003610,0.6412925041243422
12029109,0.4359174242981852
14012371,0.7078393906846259
11020784,1.1062957517866394
13058191,0.7624177005299245
12012526,0.5988337371348145
12024607,0.8685341368133789
13036012,0.35412512146377784
13027149,0.8873374411772685
13009268,0.900674402100776
14002078,0.7452229656421305
12004801,0.3265727069201564
12019547,0.3309133776501182
14013559,0.24177102505716555
11013234,1.1440292282216196
11044623,1.0271224847017217
12020737,0.3186952669348658
14016962,0.8397182231492851
14027610,0.2492192005358921
12028966,1.0422290551061437
13055063,0.5406385844388085
13028641,0.5770346775709069
12028702,0.5922908772407273
11012894,0.9769432067069792
13027468,0.790763078458643
11022133,0.4276138506998645
12024210,1.0582221358772146
12008531,0.9339500144442661
13051127,0.391653931596932
14028890,1.099371576365226
13042280,0.7501218818590543
13039912,0.819780202270194
12019772,0.8216485325070436
12027967,1.292345725017066
11021407,0.21423002977945024
11007865,0.6756850001353836
13033198,0.539628809855434
11027915,1.3527826462544958
11013688,0.46387032396930217
13043608,0.6901054767024265
12007820,0.9340244018334163
14022856,0.44947282922957216
11101318,0.8171887521754311
12021110,0.8005252341246462
12020708,0.748485707543581
13063423,0.6299436596972329
13042258,0.560380577104478
12025565,0.6352796451619659
11032447,0.8594111312503039
14012868,0.6709790350115695
11026732,0.7428389560196197
12007258,0.41137122572219936
13035629,0.5876012170684952
12021032,0.2142828227626376
12015731,0.9428135077537335
14016930,0.8951404910982435
12024611,1.0846375739695195
13048610,0.9987990441626134
12011816,1.0764548103530316
13012994,0.7639744166115594
13024715,0.7226076346557567
12004068,0.9629585529992613
12024293,0.6102511482933644
12029338,1.202651835032114
12028550,0.3840760324888464
12027423,0.7910678291950287
12020811,1.0992520075385614
13018111,0.8697732191186033
13004323,0.2662252440414432
14011850,0.5160014295400347
11007308,0.40905918254016976
11033342,0.724765325198734
13056112,0.7513526764019577
13040948,0.8589988732426441
11039792,0.8521720872319035
13017221,0.5375243046079391
12025645,0.7616809159433962
13017915,1.0930175475427408
13004072,1.2431912812798196
11044584,0.5465635385235672
13032340,0.9471848383830234
13025323,1.2140138175418993
13016818,0.7063238451056955
12028193,1.3214353936918386
13032654,1.0985259347043979
12024672,0.8614097205265622
14005902,0.8683164164082681
11044655,0.7764622810079103
11027553,0.5378598236282869
13003010,0.5813675134601468
12008336,1.0937960320053672
13056091,0.7675068860552913
12020434,0.7418618149329038
12019731,0.6477715352094899
11052570,0.9203746105768706
12016427,0.7533787614986543
12024147,0.9768322813383665
11051509,1.003555085511585
13044265,0.5812929255979286
11046197,0.7824182469583113
13025881,1.0047111572907996
12027518,0.9555258174486232
13057569,0.3368854983957709
12024728,1.1957011707940917
13056826,0.4463841756570435
13031982,1.204532289745562
12012249,0.698411035118049
13049555,1.1878554220297401
14012815,1.0470053854456218
13049796,0.38237752567032435
12021468,0.8054164536579704
12008878,0.9736704859458892
11014542,0.6395008986038658
13048525,0.22622156063447307
11101139,1.0034153007419966
13040107,0.9376928603660745
11033345,0.7883955364781297
13020996,0.5824649015632197
13002716,0.7000639378567733
13043478,0.8259090842455499
11039536,0.601128879590896
12004292,1.1112467525030616
11044897,0.9281705583538608
11044878,0.7935137298202876
13005316,0.31483015829101624
14017491,0.9513226031540494
12015625,0.43176840184097637
11101335,0.4283097778805681
12015482,0.7206830884742575
11045108,0.7330153831509658
13020261,0.3193252922632865
14039648,1.0999454985880186
14005779,1.0992520075385614
11051521,1.2090783104445442
11028276,1.1446387240919107
13040848,1.373018762485259
14006194,1.0512187332611729
12023246,0.594734835469114
11039124,0.5701253125367772
12028924,0.7562463416534196
12016665,0.47677306965601873
11045167,0.36204960919225626
13012219,0.7725941365540541
12025403,0.7783039358586255
13028136,0.59843091274491
13035737,0.5615256638403981
12017430,0.8447235737517239
13101448,0.7023459483171597
14016820,0.5877150694273996
11018918,0.49310950914477064
11046500,0.4657096053379418
11039108,0.32476478809252235
12032006,0.9649745798651624
12008243,0.7349384436134191
12008309,0.9916730536533993
12012355,0.7178710202939209
13016879,0.9539659059350368
13004683,1.0125586539368
13016171,1.1169358762297479
13004889,1.112949240100211
13023777,0.6928566125200107
13035195,0.48897433064810486
14013661,0.6192087207027545
11014676,0.7160901764210256
13004316,0.7638239006802515
12008155,0.8163120613401768
13028068,0.6387068266729411
13058479,1.0163039296326244
11051461,0.6177419667454468
12023871,0.8209763578946653
13011101,1.2830531826946427
14013325,0.8375857460104902
11041170,0.5541803332340753
13027839,0.7316735913008074
14016702,0.9649745798651624
12020004,0.46859356689049014
14012738,0.9345866330161189
13042259,0.6949068305912441
13004260,0.9625715862788291
12016962,0.5816923988725786
14006543,0.9807743304193189
12019671,0.7246665476987162
11013287,0.8858825194145807
13027348,0.7268284946579578
11052779,1.0402790172350962
12029480,0.8833442724264432
11047606,0.5343544796201787
13017068,1.166049080272424
12016325,0.7312116265472529
12020169,0.9865852576745822
12100548,0.7849276263154825
12013181,0.9581538938193215
12019883,0.459841588137981
13028434,0.6172875466518406
13011737,0.7766991340358738
12008988,0.943260102001395
13033932,0.5687663098985676
12023772,1.0470053854456218
11038552,0.5153943241082107
11019182,0.5080223008289623
13049214,1.3542562738506376
11015320,0.77316753789218
13003564,0.7666426001618903
13025483,0.34372114227027006
14018860,1.1410897546831313
12003757,0.9651130635333809
11038492,0.8397761442204845
13035199,0.7660011924270914
13010400,1.0272819197644287
11027446,0.6307959508804456
12020710,0.794020213109318
13018665,0.7851563336477566
13048455,0.7269565289898705
12015816,0.9169086960963587
12004370,0.522792784984509
12019868,0.7534854860882122
14019049,1.0776468697533694
13049286,1.0830987318287832
14022939,0.34859113759173116
14017044,0.9024378755090796
11044557,1.278308294275951
13017836,0.8628914559031556
14017913,0.6999611888862127
12025170,0.9520947607524063
12013224,0.8501664894140694
11002256,0.503569249280581
12028190,0.7888981598047711
13018045,0.2902120415841313
11033330,0.8096816591617286
11032253,0.806896726959269
13003319,0.9320636367509013
13026169,1.2815916461134567
13025387,0.8894508867704648
12003862,0.6790778641841526
13035978,0.7449185336166773
12012146,0.3336667393249742
13024482,0.727185220739108
12016984,0.6240029421419289
11038319,0.7177867885187634
12027794,0.6202135640012673
14016629,0.5298565985094899
13101154,0.7798175341472315
11019461,0.9600586497315707
13003852,0.8038626106063957
11046694,0.593554317150953
12013180,0.5644910577851152
11002247,0.3671886947632019
12007831,1.034374978382977
13048411,0.47992402237634524
13009896,1.219975167000831
13032450,1.2122589403368276
13004302,0.41275219948444936
11046772,0.8704126546203566
12009674,0.30731757697853196
11052009,0.44239833675707524
11026433,0.6390382405757226
14006209,0.7572822958900881
12017276,0.7143404491728205
11025275,0.5297746855623007
13012221,0.37793925636428555
13003214,0.7538707879005457
12024053,0.7417282739114115
13012391,1.00214060490008
13035231,0.74917921674157
13056668,0.5157612274424632
12007565,0.2789947882390523
12021352,0.8825927012358985
12023698,0.7172609590571248
14017213,1.0495064575937383
11046438,0.6647652496429314
11026991,0.5758476711699122
11040123,1.1071619861365165
12020315,0.3792061251353952
12028114,0.37069734474408056
13035147,0.4291468352014651
11052027,0.369280690961385
12011573,0.9942142319733938
14028512,0.8961403231228627
14012020,0.6743723593587376
12016720,0.32478500714396313
11047439,0.3433932598006916
13016659,0.9649745798651624
11007277,1.0706428623247293
13004688,0.43524637504655384
13033029,1.1172915308854896
11037958,0.9649745798651624
14029315,0.6085576263932893
11046498,0.8263258689889198
13048540,0.6072368124148502
14038842,0.8715901613195981
11044199,1.1003715698377592
12028980,0.8265766872128386
14028762,0.43463040248726675
11045441,0.7800846607861458
11052943,0.5370451635880285
13010510,0.7867965781494026
11047464,1.1472737598440546
14017696,1.0992520075385614
13011603,0.33459536862203587
13018886,1.0992697214144216
12019660,0.4582326459487319
12016505,0.7478248968390793
13056832,0.2223552316069466
12021078,1.16730485482582
11021804,1.2110496184739818
12019194,0.565773701747604
13035073,1.1248101558250452
13010836,0.6967056632902655
13017846,1.1940118934157897
11027370,0.6072258828693714
12019600,0.6556049470419579
11038945,0.7906252976269682
13049828,0.7926142956687436
11014868,0.8089779291856374
12019943,0.5761545686669313
12011415,0.3953034501397944
14012779,0.48292416178381936
14012340,0.4117760505440619
12011427,0.9578233344129335
12017269,0.7525524020012958
11020047,0.9649745798651624
13023984,0.555627840513435
13026378,0.593100835015352
14016592,0.40699808951177524
12008761,0.7457943323744153
13005014,0.6289356607315527
13009961,0.15108009302847672
13012272,0.5963488720915829
14022816,0.609688340655137
14016791,0.29449450318026016
14012905,1.0470053854456218
11002281,0.6514417108250855
13028041,1.1928763715471138
13049068,1.2039130268298361
13101675,0.9649745798651624
12028618,0.74884838155933
12015800,1.2380052920448474
11026207,1.0164437923050362
14013253,0.5611897414858206
12004505,1.1638563892784195
13100704,0.93957032410461
14023328,0.6371982844327109
13005464,1.2864335682890997
12013467,0.38421374196345054
11025306,0.2631499186334229
11014809,0.579465683820189
12004781,1.3579731173406264
12028593,0.8071253569604037
14022460,0.24555843738954616
12015620,0.7427337091143953
11013065,0.6875598318827736
12001180,1.0830987318287832
13059404,1.1935522821904865
12012441,0.31446894021482646
14039366,0.3283620763056565
13004318,0.6570824338561574
12015942,0.6686094184593994
12004706,1.2695727259954934
13019114,1.0740537526150526
13049728,0.7098685380141039
11101416,1.2593092929764051
12011506,0.531987622812353
12025133,0.6687083995162818
13025446,1.2288985453458374
12017303,0.9653249538449642
13032684,1.191113855327789
13057544,0.9505234236559037
14013260,1.1533047446980762
12012019,0.32477787453863144
11038518,1.0852653141845376
14008397,0.665208170594821
13017002,0.830130236552164
11101425,0.4556899249619339
13012830,0.6305217019655744
13034454,0.9014454545963055
13026030,0.5548882498706695
13010928,0.32368576235146107
14013086,0.4197345594428146
12009233,0.8266195140369083
13032390,0.36509595452364596
13055472,0.6146509826887702
11025784,0.5371773787955056
13040527,0.497806541523962
14101234,0.6400941067979041
12017060,0.5477941820870048
12011817,0.12988931321718764
12016986,0.8688006619759608
11037854,0.291224216780037
11027740,0.43425840818953215
13019736,0.6281635818454189
13036053,0.9649745798651624
14017081,0.6546609637755271
12016667,0.917061572884947
13018004,0.7200342951801882
12024255,0.4520764953676696
11044281,0.5839461419617159
13041499,0.5121077450191174
12028389,0.7523031428817102
13028116,0.572389226142358
13063186,0.18325467463382764
12027978,0.6304519531548415
11033744,0.9537649529492355
12019181,0.7912136580900188
13016893,0.9163547369153439
11039428,0.5229236477768383
14028673,1.1341520544937453
11033836,0.5069611715875717
12007162,0.8188004442326209
13004538,1.099516185339045
11052399,0.9205069644656623
12028439,0.8165281407091116
11045847,0.29090153068237573
13041296,1.3847026714494077
12004410,0.4566625754708811
13003309,0.6904046798004088
12004138,0.8220323825210246
13004232,1.1170229112953107
13034869,0.588680023777987
14018972,0.5964358787798912
13003265,0.8574068477298542
12028507,1.0470053854456218
13051868,0.2556774597580611
13040149,0.7130927449182646
11020349,0.9975155479683051
14022302,1.0470053854456218
11020226,0.83004047955927
13034773,1.1077482025269718
13003421,1.0240702730192213
12012116,0.9243975734900371
12027371,0.7559444522203729
14028115,0.45200910964500635
12027504,1.1950911401559452
11007824,1.1400594233580656
13009969,1.1146862853915545
13017390,0.461853467983064
13004649,0.7562685078545651
13051253,0.45011120730199183
12020388,0.7241289895910972
12012807,0.7903902508605836
12023629,1.2448397789258365
12011861,0.7665947057839801
13017931,0.8586643097175486
11047030,0.2647032450131624
12007439,0.46400760326080753
13011654,0.6433967286676461
13042851,0.8590907599380455
12012390,0.9659838448511443
11100937,0.7177010652239667
12004787,0.33548811914872917
13025787,0.9420944987053732
13004659,0.795434826973961
13034041,0.8860494246875741
13016570,1.0113280870852663
11051650,0.3397108075164674
11013758,1.0533664706536332
13040208,1.0470053854456218
11047076,0.4810305458050819
12100200,1.1536144716647156
14022925,0.5953839167545739
13010941,1.06850657807904
11046747,0.39685234645398415
14012600,0.9591448828743122
13019907,0.7021261649815921
13033821,0.5286903835127289
13010291,0.6961430985009799
13036186,0.674087940182799
12019361,0.5308952140585302
13032792,0.34183351073531604
13009715,0.7278131622979075
14018472,1.0470053854456218
14018168,1.0830987318287832
12012159,0.45208724218171253
14028287,0.6652665067060194
12024380,0.7539886683978974
12025584,0.6908076708832872
12007972,0.5999347464375604
14039131,1.1219827236268576
13043666,0.7362019740543971
11045099,0.6933396314043446
12024773,0.27613020298837654
13020600,0.30912653985688254
13063674,0.8035794928658483
12008898,0.8576417804677899
14022408,0.6276001157339368
13031558,0.4648530233391592
14034462,0.47319781306758896
14023137,0.8235540602653235
11038482,0.7495353219524662
13020615,0.58365747913325
13064855,0.30220855212207326
12028324,0.5536780319575032
11025407,0.5474556804080416
14006539,0.3176520044122982
14018805,0.6109198318826579
12008597,0.852281997779408
12011729,0.8401196456776132
12020116,0.45019147842963747
13051113,0.7589338769580448
12004792,0.3429248891699162
13041768,0.8458860629551708
14010726,0.46296628231861975
13033964,0.5765011607667877
13002732,0.8401347742746981
13035234,1.1461585893018846
13025280,0.6564438626797913
11052685,0.5174823912708255
11045988,0.5989640772701018
12007856,0.3046500274851733
11100610,1.102477880961558
11052331,1.190277639008969
13024718,0.39078331103077796
13021229,0.7263525416025062
11045681,0.8176128797797381
13058812,1.1158727348784099
11052012,0.3328372187516184
11047600,0.46067919262385953
12029432,1.1577231968050314
13064340,0.7835896130560562
13004913,0.7636893793368339
14023510,0.6196525527669903
14017531,0.8827874226247577
12023689,1.2715809822621078
11041001,1.1853837560817093
13012411,1.2106845455406143
13033662,0.7298985782933138
11046415,0.5593756121120238
13010240,0.869877291897035
12025476,0.640581909101427
12029209,0.7819198049228562
13048606,0.4985116595082986
13040870,0.3747836882698776
13017965,0.9365339167081952
14022864,0.9308930093313265
13051825,0.3889251998506618
11052494,0.6407763001585087
14017817,0.36245084772627434
12013082,0.20709449479557998
14024658,0.724533261631908
13040903,0.7010509370579233
12019697,0.2714287593575937
14023783,0.8549358396740611
11032026,1.145678555847339
12027910,0.6098681059866332
13004189,0.5010328927376054
13027498,0.5393561643632473
12101297,0.8629176682986919
11037515,0.7588904624781311
14024599,0.7350775957451271
14033814,0.20501504835404813
14022393,0.2251994723464097
14028929,0.8474518153719471
13041561,0.3555750362107357
14034263,0.779672008444335
13024721,0.9654774594919531
13050576,0.7454668340758395
11014257,0.829873569085808
13026132,1.1821254819567528
12024815,0.6243924249016952
12028086,0.34946542255472146
12025023,1.1193435051928067
11100983,0.5776544388636983
12025510,1.2226609741098526
12003455,0.9584268829804021
13051052,0.26974323273070283
11052023,0.23645047478215264
14100565,0.9407384164743299
14008656,0.6065702368796029
12024834,0.9983537256333141
12012821,0.646334188953678
13018524,0.7546067551289439
13026110,0.6780063251104627
12020663,0.43174208069755793
11020203,0.575987051507964
12020767,0.4644299466262221
14016944,0.9465313648249123
12005363,0.664710359430527
14013191,1.051219716554201
12015914,1.1805418016308356
13041175,0.6827335316043733
11052420,0.6141315901952148
14012742,0.3385001476577967
12005148,0.6948755115444114
13032138,1.1559923637050058
14006203,0.8638101183671499
13033959,1.088219463060452
13017695,0.8603668270120152
11021726,1.1659648702350305
13009856,0.8046562573492537
12011342,0.9494854788567855
11101610,1.0470053854456218
13101627,0.9021129082991178
11040838,0.742353964728199
14016585,0.5031441637027348
12028791,0.9961800000907014
12027936,0.9888408593719926
14022225,0.41438191136779673
12020354,0.7396156981422932
12023196,0.4304912182853073
14028430,0.8132433124674917
13101043,0.655325212577899
13055903,0.6051074474416012
11101259,0.8903471731276399
13034969,0.46139202273738267
13026857,0.3931626952669019
13044235,0.3154264708616787
13010303,0.7300752524855365
13025915,0.7041772085087846
13024676,0.44977608026570765
13017301,0.6560927372257193
13016602,0.4380387397633218
13049864,1.1949773479461119
13027932,0.5256017603058333
13035238,0.5622187571015724
13016972,1.0470053854456218
12009144,1.0103496631103177
13010860,1.1036615647946721
14034280,0.514937145339234
11033862,0.6206054750113095
12019429,0.8282347259163144
11041126,0.7678903640940523
11051594,0.9583120416554105
13026202,0.5105421439523489
11034319,0.9502970449823429
13063112,0.6691036589400916
12012501,0.2306837382602028
13033121,0.7401281708723583
11033297,0.6779948441052412
12008269,0.3701726517012505
11047003,0.6245987780328662
13049222,0.7552996868932779
13057760,0.6380643465301085
13003411,1.1458720984538704
13063194,0.7424011854301695
13064274,1.083890916256805
12025187,0.9735283289470769
12015920,0.7467358967867624
14101252,1.0470053854456218
11026350,0.6073630353182938
13012291,0.8235803652438615
13027528,0.43174208069755793
12009081,0.9572887546118471
13027460,0.9657794974467704
12011836,0.9056641773738479
14039102,0.9361569661157477
12011990,1.1953960695650028
12007749,1.0872438396293933
12100748,0.8510888499757763
13042237,1.063270940893315
13056057,0.6208608195343741
14100553,1.0992520075385614
12011621,1.0822583912122377
11013743,1.2026525164523802
11020659,0.7925278306153686
13027938,1.193159949406598
13041525,1.017917562296887
13024811,0.6043549271822457
11025822,0.6188195519488338
11014367,1.2372069512152635
12015812,0.7203619113898838
12004350,0.4908283733479114
13043729,1.4024369415076354
11044373,0.6985382330235592
12007526,0.47017866497479144
11039469,1.7217962802641664
13017924,0.615412099662599
12004646,0.46114265731346626
12011790,0.7404626213619384
12009052,1.245985318604272
11045756,0.7062990368817686
11051300,0.6994358914057739
13010729,1.2367023991740496
12021463,0.2318490045086361
11021238,0.8949314216670127
12023891,0.33230597065781214
11013961,0.9672181647993517
14027011,0.623592082729755
12012361,0.9921666521553224
13024669,0.7562843671521345
13049862,1.0470053854456218
13050552,0.5673551424993414
12029414,0.34269263872198336
11013649,0.8572505239417195
12019472,0.5855600850365807
12028754,0.9901405620915384
13017372,0.8453719159568426
13033678,0.769158165060431
14017963,0.9558092378758218
13011115,1.2854153225954972
11052334,0.6637598590460602
13003756,0.9202644311505285
13018063,1.2091751307524827
11044533,0.5234355848985114
11034292,0.8776819023573927
14011303,1.3409179757222642
14017795,0.5492461536477323
12025457,0.7098901227040152
13026019,1.3345611925889447
11034356,0.6924592318840322
13036129,1.070148477706584
11025983,0.394901386341992
13012356,0.673774587981147
12029378,1.001542977972604
13010675,0.9865296872169678
12032590,0.8860291858874443
13059462,0.3350138584627649
13101174,1.0470053854456218
12019954,0.6837803837161973
14023173,1.0286298147407131
13036619,0.27902625300024503
12015592,1.0470053854456218
14028619,0.9618027696644293
12016904,0.8502705603069306
11006731,1.005395135692962
13018296,0.35459417943347504
12028456,0.5966890937087271
12012106,0.957817924494495
12019715,1.1887215665896675
13055233,0.30458929978171123
11026739,1.1035331223909215
12019921,0.6753175110902296
14034009,0.8639664314613189
12029343,0.36034966372821364
13050398,0.6053409191623292
13064865,0.767930861030849
13033994,1.0830987318287832
12016959,0.5332027320513523
13056198,0.5974278259594104
13018120,1.1716545700293517
12021093,0.32973638639912395
12016198,0.45714799602884904
11033069,0.6061739601121034
13025741,0.7730612521537508
14011061,0.8485708388025929
14026759,0.6055981173119808
13004590,1.0703789568695075
13011640,0.2259619505607111
11039092,0.6025038732617737
12019904,0.35647302906393297
13048612,1.3171975778820368
12028674,0.5182026655869573
13025131,0.7684266735870364
12005193,0.992314800742568
12005173,0.6358498140217729
11033892,0.7584659712448721
12008211,0.8021268950107697
13003337,0.8639306171740226
11002207,0.7206443183154392
13019162,0.8934706037084307
13026181,0.6121764389511554
13056911,0.5297164923118128
13019096,0.7471806283344501
14028970,0.7021282823161714
13026827,0.48383183019522075
12024929,0.4007918946988931
11013276,0.8605353503337684
11052702,0.4472781160459299
13048583,0.2715046776252766
12013218,0.2994657817135849
11028591,0.45110231327400435
13100755,1.1873936789847532
11041341,0.41648062369437505
12023651,0.9397093571297872
12025222,0.28173316939189325
14007569,1.1251792117447679
14011260,0.666641635088091
11019388,0.5081180863590096
14012855,0.6529909093065631
11039736,1.003786882457246
13028097,0.7699160587790053
13051152,0.6200601102596716
14033256,0.2285643818466384
13035573,0.7436372111193933
13063689,0.4887098834043695
12008997,0.8778855933262164
12007870,0.9098719410143589
13055650,0.6024590449627117
13019185,0.8551391510939471
13019636,1.0830987318287832
13050968,0.716469319459212
12025188,0.6210441411665087
12005109,0.8993339333918783
13020317,1.1941698502667755
13028761,0.33817135863986014
14011245,1.092364090765708
12007875,0.7661167995565086
13010649,1.0175779695180482
12008421,1.0470053854456218
12013147,0.3320042710824547
12005182,0.6789953235398629
13020560,0.6795817080909516
11018967,0.9844178125431039
11045057,0.8499135041699091
12100146,1.0470053854456218
13026079,0.92842243384995
11047628,0.39283920278361284
14017548,0.5919072940797376
12015873,0.8586202859801431
13034352,1.0992520075385614
13005085,0.7322596734876939
12029426,0.8542436066808923
13010528,0.6069427360638895
14011648,1.123145005855573
13024686,0.5743045279284513
11037681,0.44012120754130307
11038469,0.38395025748234307
11032659,0.8253734946982696
14006813,0.8358886181249754
11044437,0.6473453160993973
12024170,1.1162124758008487
11033314,0.5219875627542835
13024907,0.8790002682958026
13027336,1.3469460344596942
12016780,0.5992500580578527
11050863,0.3514574334100505
13020753,0.9377484346628852
12019834,0.7987656191544784
13049313,0.9275636075684146
11033576,0.5201152765391123
12004492,0.6157317067759037
12028148,1.1496373281696552
13011176,0.3656674679599707
13013054,0.7810255634734085
11014326,0.47872780666638115
13043047,0.5390375355238685
14022902,0.4059123580401611
11046489,0.41565794921547666
13036560,0.6826794338980133
13056012,0.6249354690764816
11013760,0.45968099576299254
11033416,0.6997028841720335
13033481,0.3264720456567569
12019218,1.276128796487057
14018540,0.8621786090359564
12012413,1.2978621954502128
13101734,0.707545768404241
13035017,0.6200445866089779
13043084,0.6027419822422342
12009154,0.8684989767696499
13018506,0.739130854596946
12027802,0.700056676119233
11013857,0.30057006750943055
12025227,0.50048572297558
11025265,0.4820875638952648
11045499,0.6501829326798617
13017967,0.5983390217909891
12003338,0.5279441948801226
12027781,0.841817315619493
13020467,0.6486311594976121
11045855,0.3160496004763607
12004175,0.44565715779167836
13032796,0.376524868637365
11044018,0.5410350174115327
14012194,1.0796302914598221
13041160,0.3971838635673227
14028550,0.9849535355480373
12011523,0.5379871677697499
14011839,0.31607287356755304
13058752,0.669878509446667
14005538,0.9435967139599511
14012279,0.6469611374234003
13004702,0.4344864773812477
12031934,1.2827863561175559
12004493,0.6594268535951634
13003192,0.9095758869841863
12100752,0.7235753093820629
12007608,0.6323454253991602
13002959,0.9542010460164905
12013511,0.6998927297537396
13043612,0.20387575568306116
13042810,1.0470053854456218
11045160,0.5935040788571325
13020526,0.5982335169280418
13025237,0.676963348635738
13035149,0.5404543729792364
13034663,0.6938553973817113
11020881,1.1229301269002543
12016971,0.8764306657739358
12019333,1.1081353520080761
13042162,0.932692326719975
13048474,0.6982129406019729
13042896,0.29420089241515907
11047021,0.9184055752088813
13018634,0.43715022641853774
14017622,0.9649745798651624
13057432,0.4296778245157095
12020465,0.952973965475986
12009012,1.0182420374322287
13003326,0.7573405629515056
12004223,0.3999054514606789
13005172,0.7569065169184875
12100760,1.0470053854456218
13050890,0.790638158097441
11021207,0.7169559793656392
11044361,0.8643246574905115
12023872,1.3118025185757334
14007500,0.7237853737237304
13063198,0.4861910379895927
12029487,0.9001680770834832
11047304,1.0250180571815775
13027450,0.6359505326462935
13048452,0.65751592592885
12011693,0.8351836248295618
13012088,1.273054252980126
14013812,1.023066381498584
13019308,1.2838115913780817
14017744,0.7528345125908008
14012727,0.7134362926817497
12015526,0.3097350342564417
14034187,0.5883837437047726
12009521,0.2904379022541666
12029296,0.5992921258100725
14027302,0.6491063363665854
13063470,0.676709816281758
11050704,0.9627059146969903
12011719,0.39968350740976044
11044595,1.044097821351428
12024126,0.2949208120300058
13032311,0.519929872539064
11026334,0.8627830408377012
13051240,1.0069800914861322
11034097,0.6424473928766341
12016700,0.7627658037362856
12027987,1.0587104361709467
13100781,0.6662532823871445
12021391,0.8551322462214185
11015363,0.3963313767389667
14013220,0.9743940978303725
13017902,0.6478586789842826
14034700,1.1337948583923252
14005667,0.7961003024475166
12019899,0.8948967206147513
14011885,1.0470053854456218
13018695,0.48783293322419324
11034278,0.5796760291168822
13005322,1.0231550231303594
12016793,0.26274043540285813
12027847,1.2541964375368495
13035069,0.8918929297036058
12009034,0.838390954607681
13063183,1.1842791481000607
11046372,0.895142370476157
13018604,0.5349548974901065
13043987,1.1451686772780796
14028069,0.5059296230614221
12015167,0.3725888974862111
13009925,0.35042556458115864
14012347,0.8290872340208312
12019393,1.0574505209554759
11021269,0.49340258818922317
13033225,0.7278290101043317
14018019,0.7155035754284965
13012579,0.762543642907776
11038649,0.2910789644378019
12009454,0.5576207379623805
14028760,0.4558376336519543
13004282,1.0216034092214419
14027104,0.5184326101099203
12029116,0.6349953555857759
13032924,0.6681504607905194
14022359,1.1806248770946681
12012154,0.7853448307288717
11038434,0.5411476337858763
12024806,0.7005685258577771
13049169,0.4496771953711286
12008332,0.45945312059913135
12025616,0.23696622280115937
13025511,0.5107029871354448
14100835,0.6418720243945528
12016603,0.6640997327837441
12019521,1.001008036637153
11051057,0.9705287904819896
13026668,0.7125427707699712
11101134,0.4305500405649559
12016370,0.9748587852003137
13048604,0.932319822319291
13003741,0.7763536715126057
13056261,1.3020210247683401
14013554,0.787011350908902
11044614,0.25059876884439974
11051260,0.6325536704466154
12007255,1.2447078749482523
13057822,0.6911080782702902
11039587,0.6220637003543813
12004674,0.3800893821404697
13051799,0.31705589216046653
13011127,0.6914310272028392
14039585,0.7080331027764384
14016503,0.744242831059146
12009251,0.6197384566960032
13012958,0.3279354068532371
12025264,0.3478141926630462
12005138,0.3550193867884191
13010357,1.2284090027266157
13035561,0.6632390300098113
13033432,1.1238597771712058
11052229,0.4891811772533013
12015574,1.1196827977275885
11039129,0.4982974558991668
14023432,0.5744047100443096
14006259,0.5059147185235133
13036660,0.3156427520028131
13032160,0.3356217107538499
13016880,0.6518550394142819
13043052,0.18378892017379023
12008317,1.2325741317731795
13049323,0.6257621142812609
14022969,0.789165579516016
12012627,1.231748784381635
12008473,0.6303989571800356
13003378,0.3611883567997738
12025210,0.7272355896337871
12028047,0.7553588157071904
11045739,0.928831200065681
14033292,0.4807256044496255
11039913,0.547105550846228
14011294,0.6987276507355253
11051266,1.0686128315752856
13025169,0.7576217756091549
12023761,1.113651256657125
13048597,0.5978874416592908
12021105,0.2114016886938469
13059427,0.6068918129036219
13063830,0.7272512925595888
12028932,0.5216955980439942
14101487,0.9941210672807281
13051213,0.7597444166239848
13049601,0.8156791093323604
11044750,1.0992520075385614
12004146,0.20828238957090428
12019702,0.4596635622893244
12015628,1.2526063614795553
12009486,0.9328362372366849
13056184,0.5831667049854926
12028049,1.0830987318287832
12018979,0.6026793272980269
13003693,1.019529116223272
13027503,0.6742528557441051
13026503,0.9059611113948359
12017745,0.6480013421594558
13051026,0.9051012074094016
12029040,0.3029346291724498
13020136,0.9419746446413898
11013363,0.5497788374081334
12015904,0.32379020795888264
13019524,1.0470053854456218
13042590,0.5372639697414694
14018415,0.5863145930148682
13100090,1.0950834100520062
11020839,0.7865402523093673
14100978,0.7770015380746759
11019205,0.4746718035994779
13026743,0.7349473320094994
14018495,0.6880746009740788
12007950,0.26409287896234074
12003429,0.41446643332823624
12008201,1.0900074548812626
12013186,0.6005785190786733
11032130,0.5083322596282236
12028360,0.4971816712661118
13050326,0.9475435633696353
13018667,0.38250501316646024
12024005,0.6026811911671831
12004044,0.855015727022265
13032498,0.29587788922675345
13012334,1.2926826688371664
14029473,0.6371266666792523
12003625,0.2968401249446751
13009812,0.5455443018169505
12016356,1.0817930362262669
12016649,0.5890051391344487
11031315,0.9359588627138591
12003865,0.7930721804486118
11040219,0.11600583781510553
13010430,1.326849574630401
13035263,0.4735168178439136
12005168,0.4781174831304692
11045656,0.5407899589546269
13024800,0.6270156994880562
13100525,0.6254193832472797
13012406,0.6297145117963298
13048099,1.1170852018763653
13048478,0.3927823954366561
12032736,0.643164654176722
13057287,0.9015765939473344
13025744,0.6173662774072245
12019633,0.3677896458069579
13027508,0.924378923029616
14017427,1.1520682821363377
12023713,0.4009085780446561
12023743,0.5090660082371963
11014896,0.2309993742775116
13028050,0.6367130324792476
11031393,0.7283268182397645
13005457,0.8449927229477125
11013856,0.5132591556769144
12005521,0.7535620324167114
11045689,0.753367029082739
13040909,1.078708871700881
13018286,0.8199944720173009
14021336,1.1801987057838177
13026843,0.1914725573990805
11014416,0.5334028002889121
13027798,0.7941727163277073
13019314,0.49209233619585124
13017428,1.0992520075385614
12003392,0.6604563917996036
12008720,1.0129606937207587
14027650,0.557147779877976
12011486,0.8354939547927998
14028548,0.3182721627941744
12027666,0.6783094778172493
12011368,0.7953171978300864
13002718,0.6937912639594925
14033854,0.7521795985996348
12004449,0.5147759555188361
11027563,0.5763857554954626
14022921,0.6641335264857575
11007771,1.1184680723399818
14039127,0.6774779815670853
12011889,0.8014833357905722
13050923,0.3537530903468244
14007522,0.6157574770099757
12015802,0.644722961143271
12017319,1.302116664248186
14100518,0.624558988320684
13025142,0.8415442073940812
14028553,0.5829152344231131
13057791,0.6260677575082055
14028802,0.9318066844834291
11026914,0.5954171743240283
13027941,1.1646609038923825
12004835,0.8643191237383332
13003715,0.6840976849309444
12015970,0.7254002638810736
14100816,0.4253134699254244
11100748,0.4994273723066556
13040205,0.7008025961819626
11008366,0.28448998590457647
13101415,0.45665700005662907
13011214,1.08154736590708
13020455,0.7543875064898476
12015563,1.2120010425138095
14017405,0.9485992004345412
14016611,1.140007379610123
12021377,0.6626197472757316
13012371,0.1709762496997426
12025662,0.7146289289020739
13017342,1.0079451184254413
13017380,0.36307911964034223
13042327,0.32943948272014756
12029071,1.0470053854456218
13028523,0.6425373428594727
12003554,0.7901932758689282
13048633,0.5620355439122221
12024870,0.9568194132014765
13020564,0.5561354060430812
11032767,0.884029911029981
11051187,0.5680002785512609
12100149,0.9712604960591705
14022960,1.001901099415544
12008582,0.9951449278884209
12008750,0.8917590789850763
11033364,0.6841005005484309
12007641,0.3263358269025564
14008472,0.7222206155560151
12007808,0.5629872381376718
12003831,1.1946155765717719
13042858,0.8543698945181487
11034887,0.40501343407571944
13005442,0.35627570116257357
11025028,0.5790318346220462
13017182,1.0157192477120875
12007993,0.8085088409522542
13011368,0.9224729638916325
14007172,0.7198245426597641
13011189,0.7335807319534705
13043704,1.0492140753459176
12025569,0.7487204051482058
11044047,0.48599702437098796
13056838,0.6257563047067535
13024751,0.7645995667927998
13043761,1.0830987318287832
13043013,0.6330849330075194
14034832,0.5916774178309817
12025527,1.1407682613170909
12008831,0.9575818507190716
11013888,0.4167836705838437
12024028,0.8468137709456897
12028295,0.8343297288051581
14006709,0.6373059622635153
11045899,0.5124532209204833
12024767,1.2344839901176137
14033155,0.5051425465906104
12008186,0.653170509544869
12009054,0.9718679465158536
13010080,0.5740618922206038
12015544,1.235251115152387
11019729,0.7557428606384088
12028576,0.24862335550179265
12024067,0.3947345382303503
12024796,0.8700603997433745
13035603,0.8398464005056681
12007668,0.9497969875714352
14002285,0.6357551112687596
11039101,1.0761747983387429
11046352,0.579047296929804
11020504,0.8664712582790555
14006119,0.6575807388439281
14028083,0.5548466894590133
12023715,1.1984415481970905
11044948,0.5911426228250086
12015165,0.3650114442136635
13035338,1.0470053854456218
12025041,0.8011962974202042
13048886,0.7620817234231292
13041522,0.5876368472021715
13005500,1.0039536582271433
12023991,0.7235729189696979
13057527,0.25275650645833186
13011658,0.6498538379227641
13049069,0.7624850314195906
13056799,0.7045643569566745
13033800,0.7483848764096274
11028507,0.47990809005552604
12029132,0.424504564957415
11100749,0.6413126297601097
11033255,0.4744764046180224
13049125,0.6090419255464714
13034500,0.9589748249544428
12012781,1.1002992798103641
13009932,0.8346261973809402
14017504,0.6023653185883641
11046121,0.46172668156694735
12013038,0.7619783321284584
11101121,0.566597302593983
14024096,0.6131880855931364
12004408,1.057343463707253
12004799,0.9784590405761349
12027647,0.3428090419352891
13011457,0.7414908255419355
14033858,0.5862867198964228
11046262,0.5819817655601435
12013073,0.762563379675377
13026422,1.117893456851959
12028026,0.40394538296429594
12020272,0.6182104393372782
13003976,0.7896367357091596
13005406,1.153186433729556
13010278,0.5296237602304366
13058811,1.1277738795422385
11026281,1.0462928131307592
11045563,1.0587868876691093
11040848,0.5272438367796359
12016025,0.703664538756463
13017410,0.9649745798651624
11046809,0.8622314801625651
12004788,0.7765080217220672
12019651,0.34158927762007074
13032949,1.3415012897396301
13101219,1.2911554335644753
13032465,0.24286036054482776
11019640,1.1768700284701177
11047201,0.7354684762774717
11052071,0.5953498164561839
14027032,0.6663712698068751
13003834,1.0183767587896753
13057459,1.045270666546162
13058604,0.4082077792528584
12013343,0.4061175515298647
13034442,0.40349733439475366
13039548,1.0992520075385614
12008681,0.8617132831725052
12023285,0.6886722689686139
11039169,0.6207441899683519
13003694,0.6360544132160675
12017015,0.4191470703602394
12029074,0.7173312798308543
13010843,0.5883557949605899
12024452,0.3749914701766071
13056557,0.9491157992269921
11021760,0.8610384230588973
14018422,0.6560378232813358
13048384,0.4932806738438849
12029337,0.5832327149611987
12100258,1.0240316032757488
14039598,0.4850980044851771
11051343,0.6180085753499994
13010706,0.36733516843753733
13003396,1.0231022135275578
11014591,0.8951989610980498
14021305,0.5838395465683301
14013852,0.4666294896943948
12028878,0.6521799138945963
12100577,0.6619165733955716
12004490,0.6989255702448799
14033766,0.5556584741406955
11021785,0.6098794570086655
12027497,1.0828712257347015
14034319,0.828629302071802
14021965,0.8933074298437348
11051470,0.5999153383506206
12028804,0.5500004206259945
11050680,0.6641442969688613
13032443,1.3344887202375395
13063573,0.9649745798651624
13027902,0.6013615543194274
12025485,0.9149514877445728
14034672,0.5833815443213601
13034862,0.43789815292842643
13026106,1.2334631249521988
11047490,1.3093443761456138
13034874,0.7095143069063796
14006205,0.6516052957333454
11027903,0.4749186664071327
13040220,0.692788548013437
14101260,0.5809391128516385
11002292,0.37320922646767074
12008334,0.36512967769195964
12008478,0.37561427086110766
13025968,1.1307981508937084
12017051,0.6388192743841816
13017917,0.7087697018947485
13010327,0.8360639040103602
13011230,1.0470053854456218
13056893,0.7637554518526549
13024494,0.7602426189472704
12012204,1.193982169378586
13035556,0.38888225229898316
13050594,0.3114488285884223
11019471,0.5526667780212352
13011062,0.2721141004936514
13018173,0.9846461566501362
13018039,0.2811440280664836
13010081,1.1061181139175986
13013013,0.2854552225242861
11041329,0.7122657341997523
11033313,0.5624798307537013
14027496,0.5796156744547004
13004311,1.145148268637641
13059191,0.9649745798651624
14033927,1.122919142088068
13033928,0.5248470936063834
11025277,0.6173805709517395
13050232,1.2110967548011968
11026948,1.0120271071929265
12015130,0.5820937417674823
13018683,0.7219615452397385
12012378,0.8636175607773169
13011617,0.5222706529637344
13059469,0.8905022590879221
13060056,0.5384221580384148
13028625,1.1146178214204003
11045261,0.6102992307262337
11040069,0.8162817819974861
12012131,0.8456298410777588
12020219,1.120661129125506
14023501,0.8307191289735957
13051784,0.9964933351642384
13004914,0.9156859586501629
13026566,1.0992520075385614
13018929,0.6111547138765409
13048465,0.7335007618130526
13011971,0.24577205357747298
14023285,0.6283567194904355
13025912,0.8569323599471607
13028742,0.3008345037902811
12027236,1.1921277868488473
11033356,0.9636536968416985
13017930,0.5246150891416843
13009636,1.0882474194942164
14006647,0.7629267270767969
13026804,1.1853641165116062
11026310,1.1926669679806543
13040230,0.5229905053188595
11039891,0.45759877129328314
14012356,0.7309921388081313
14008386,0.9990395387119867
11041312,1.1192671065340596
11038521,0.8072897940739386
14028527,0.2590420363612264
11050805,0.7350709434250717
11020165,1.0837243728308983
11039661,1.124070311613772
14006252,1.0673864941376476
11038453,0.8057728494419494
13033904,1.042447183833174
14012326,0.4058549200347439
12020447,1.0432219648832228
12007525,1.0999125070625713
11028073,0.4196292172292676
11037782,0.8520511241910846
12028981,0.832755476713822
12003678,0.9299099427974808
14034669,0.9840013949704336
12019436,1.198582400424122
12024045,0.2943035894221119
13049088,0.7788811075779795
13048616,0.4482642598007241
13010508,1.1879940120840982
13042375,1.0992520075385614
13025514,0.5942465343568092
14017048,0.6496638909322934
13043703,0.3754864617263932
12009177,1.2711984442774704
12007371,0.6392771510717373
11013358,0.3092818587408568
13049851,0.24235850704142622
13042987,1.0724833529816988
13010544,0.6861835710765137
13005173,0.8957240558366222
12020298,0.7331121361741231
12024591,0.7946039703949486
11045095,1.2836532090510302
13024725,0.9075964882099125
11027778,0.8194631922657324
12011728,0.6725743562642099
12029102,1.1800439724640948
14028567,0.2983423825431473
11044481,0.7300227437877326
13064767,0.4412333793407399
11032059,0.5484214254113883
11027714,0.767005567719023
11027502,0.6733670841235426
11050732,0.5943987400695437
13012329,1.1854235510196083
11052669,0.6292290217840365
12024716,0.8051371435017688
12008658,0.29888520528436596
12016361,0.3769762235349032
13019945,0.22003401402998515
12027557,0.44762368602475266
12029092,0.6439816815387606
12003562,0.6721668125531488
12024047,0.2857131543398299
14028947,0.5677447198543083
12008225,1.2203807876816983
13034651,0.7468088571679887
13025884,0.7601490303744914
12024478,0.5736202917322205
13101699,0.7455269185901804
11025564,0.5033183591867297
13064175,0.568217984944231
12008805,0.9019164598047936
14022907,0.7045669845212497
12011419,0.6721263008888341
12021440,0.7683635245973703
12020145,1.1867054262896994
14012787,0.9485593151154679
14016825,0.61838669589238
12101380,0.6873278188767437
13034584,1.3543032866998437
13041642,0.35412512146377784
13041518,0.5480607573800426
12100393,0.5996073851556912
13043019,1.1232196734954185
13040569,1.2931593894270201
13035085,0.5564798417259482
13043588,0.753890244517593
12029291,0.4119557091055231
14019226,0.7063441844028044
13032757,0.7420583632876754
13018688,0.9743148519475822
13024597,1.1017978174547869
13011771,0.9860378619996968
12024331,0.8494080778384919
12004402,0.5904551750349333
13039948,0.8124260342300219
13059324,0.9287397446151544
11032620,0.671990555073299
13035739,0.5723004398879424
13032152,0.48252636769488866
12029488,0.8319118167715057
13101038,0.47395125915388736
14023750,1.1118932088530833
13035806,1.141437099344219
11033328,0.2853944705299192
11008344,1.113140436561182
12004485,0.689159561626318
11033298,0.8539818147988826
13035444,0.6822086828571259
13040722,0.7944407505031023
12008126,0.7697686353886352
11046465,0.4351453689072526
14039986,0.5378740940038256
12028238,0.6943677445715771
12019264,0.5504579420116634
13012938,0.6207186634099345
13064756,0.6445598222396662
13017170,0.6950456243988941
13040052,0.7904958379427999
11051500,0.7236882286625079
12013349,0.6832896624488435
14029410,0.8259182107929992
14018792,0.6456114649124342
14013482,1.0581560741010296
11014303,0.4031503414665855
13050207,1.028875251429475
12015664,0.3602957559460595
11019953,1.0075884266069821
13019152,0.6359927947279496
12024117,0.5112559866552465
14029582,1.0830987318287832
14013626,1.1865684955325948
12015428,0.728646500883103
13034604,0.7432788880121973
14012165,1.0470053854456218
14007463,0.6952390759191972
13058706,0.7758287673369147
13024828,0.7213648140248237
11031629,0.6006677993740773
12017088,0.9998087945425456
14023357,0.5504898372012952
14008025,0.5056530107632904
14012374,0.9940771878781107
11044564,0.7552509799799326
12015805,0.5605507996387901
11045090,1.0307082725872347
13035908,0.31843919861297315
11026422,0.6499934550938041
11019433,0.6659757606925811
12020124,0.6844814400648345
13058046,0.49423516270557394
12004971,0.6007925319063612
14017886,0.9763135712677481
14006127,0.5743911288054293
12029089,0.510239393713138
13049605,0.6519238728363884
13042527,1.160136496806578
14006265,0.5969589924369579
13041681,0.3712668927011387
13047925,0.5999644738151105
14026917,0.5309114184862421
13043682,1.1913880149552145
13005313,0.7302155389980975
11013321,0.35766628210558005
13010287,1.2987719808444904
13041851,0.7380303646428041
12008945,0.5690359965806554
13003855,0.8343245118092995
13100951,0.6543383213887005
13020498,0.787965489424624
13025209,0.800330473008566
11052005,0.4829268280814695
14029347,0.5824183690134401
13024401,0.9567256748023505
11021103,0.8536727182868578
11046892,0.9571317211019681
14100863,0.5840745239125883
12004751,0.824150588695715
12012466,1.200456100647987
13003387,0.7190245907899021
11050869,1.1544913749814363
13011686,0.6536068406913979
14044225,0.5805766147106726
13031888,0.8133683232613402
12015280,0.5399609911649308
12020613,0.9293989697337742
11041146,0.8446115952754166
11027650,0.570491052635128
12013198,1.3719779876463254
13101225,0.4943973262858686
12017053,0.2939861471266259
12008772,0.8248380446484443
14011248,0.24647126115454945
11032438,0.7070893133733157
12011456,0.43481812344217113
11044455,0.9747176717370489
12015320,1.0106608629920493
14039660,1.0992520075385614
13019387,0.6984175576580314
14018007,0.36931161733025947
11038194,1.0587905266929478
12003802,0.5459975846160038
13012418,0.40395920762488086
12003853,0.2998634856574788
14011154,0.7640934534867759
11007359,0.5594662453907353
12012733,0.7925198920334788
13050503,0.9340488812489978
13032428,0.35270423413026175
12007823,0.9599575540559374
13048634,0.5516816780855721
12004260,0.8937309326595602
13012101,0.2990031806194295
13055858,0.580933417802064
11031897,0.9672181647993517
12012670,0.8287192760304856
13020488,0.9708344228654294
13026858,0.3156553529593468
14028501,0.34852359377856346
11047674,1.0470053854456218
11015122,0.6044189064496788
12029048,1.143046510826657
14028072,0.543710486883402
13003841,0.692589121804303
14034220,0.6921776918357246
12013460,0.6345430483977423
12024078,0.7743472652528736
13041920,1.0957676831930103
13051882,0.5166850388284526
11032138,0.4439107474508034
13056013,0.9549221943346724
14018887,0.722734503371242
12019008,0.4112158338689714
12027559,0.9406771243858373
13041650,0.3640540949705006
11034523,1.082581196459654
13004055,0.5965423832244153
13025547,1.0470053854456218
11026441,0.5883521132122123
13043388,1.1079987400096412
12021276,0.779297318837953
12028066,0.9088201575718877
11039137,0.7728554586917705
12024143,1.0470053854456218
13032906,0.48027758300523615
11026990,0.5765656795582313
12004836,0.2624961094217192
13033098,0.580411693767995
12020392,0.6027044738203577
13040799,1.063033781929506
11034962,0.7189885177675165
13013059,0.7560829521814276
14010492,0.9649745798651624
14029030,0.334024379258237
13025534,0.2577921208210852
12004411,0.35527161557209047
14022445,0.6124356184025767
12024764,0.4320007303959929
14034225,0.9429840784345247
12012923,1.0470053854456218
12100966,1.105208028392215
12032040,0.3579163131184107
12020362,0.7408226039835875
13063226,0.6018095204534399
12003752,0.6184030173321822
13033893,0.5527343846174018
13058061,0.6467663836869137
11033646,0.643936492647338
11051030,0.8184094976590524
13033045,0.6322572822489159
12023305,0.538519078077719
14023711,0.979263582462675
11033370,0.4132045886652371
12012777,1.2635679903322488
13017465,0.63914059849696
13043232,0.6633618235109223
12011452,0.3584596041240474
13002981,0.805425111550905
11044469,0.530267725653617
14028402,0.6808579235833772
12011457,0.3889251998506618
11012871,0.462892878317681
13028007,0.3504110103825168
12024374,0.6115758302986909
12016057,0.6059878533961033
13025092,1.0470053854456218
13033759,0.8341750169510747
14007627,0.24774585957011563
11027522,0.5397584956473815
13056688,0.9046635378147633
14012781,1.1184570706106092
13012375,0.5649047963094017
13012776,1.0007199311101465
13025458,0.46655220044943235
14019290,0.9483110129114616
13035861,0.7654740613732448
13048618,1.0470053854456218
11025662,0.46530625484478916
11013457,0.6754512628264018
13012651,0.7007468145751795
13026107,0.4364127976331557
12029644,0.8225072023465053
13017979,0.8240449954678865
12028488,1.2645200823904952
13009061,0.9743068528547141
12012829,1.0470053854456218
12016409,0.568392782108486
13042389,1.0406345368931542
14011822,0.7373675694778784
11053107,0.5674579969458048
13010734,0.9069058089815047
14001833,0.663108533191628
12008086,0.6347682400916924
14016602,0.733215612867707
14017891,1.0294378132630218
12012260,0.6373803408981678
11052398,0.6831799070315345
11028068,0.48690831935557144
11051625,0.7799042977670118
12027738,0.5578425452058888
12025473,1.2568737109001342
11020704,0.5042904230176221
13043020,0.8804927693890799
13020084,0.6211123114045086
14028334,0.5687866749613262
14011722,0.41867940888248956
12015987,0.6187341426424172
11045958,0.8003184957304964
14006679,0.7351278517609484
11014287,0.4155609394662996
13055755,0.4690167981929333
13012399,1.145473821839973
14022761,1.1103968491776626
11052119,0.49774278488780666
11032684,1.0562263727407677
12027842,0.450756754212611
13049203,1.0778080109253148
13036580,0.8586534547581404
14013810,0.7838435001433184
13033710,1.1114219124322706
12025192,0.6793712761760978
11045080,1.2859351098228275
11007476,0.506840068573588
13064669,0.7046186848359582
14017084,0.27169315329798854
12004206,1.2042373405411624
12012738,1.024239166421965
13056821,0.6133130366571715
13042178,0.7238270256056883
13034457,1.1760965599972122
11041380,0.13269584739344206
12020630,1.3667702059578917
13049084,1.3567797380047708
12100169,0.4403851893055742
13012957,0.8565614138573356
11028406,0.5107675896650562
12025640,1.0976331643590553
12004045,0.7017652003559874
12019545,0.6826794338980133
12024395,0.48353231676674746
14012846,0.4985551559811116
14101233,0.8627021755892889
12016850,1.2209862209883087
12029433,0.5780272353633116
13044170,0.6132529805514383
14100104,0.5885121859559491
13021021,0.882691508548595
12100287,0.5968767375673205
12029083,0.4586451698359689
11027139,0.534835943458134
11040277,0.5357276596342383
11020030,1.1065334307710422
11045728,0.9542958236082943
12029427,0.5701783796603348
13024649,0.7147134823810847
13026881,0.2692227360399239
13043597,0.7838556720286766
11045058,0.8312049572893427
14022957,0.7075705495326248
13044317,0.5797800513386538
11034204,0.8629691889248151
13011049,0.6328141002298164
12009131,0.9039344186924005
13035184,0.8898319159178621
12004009,1.3358066343650743
12023440,0.7266360295300691
13049812,0.705196063660253
12012986,0.3415488535478422
11025872,0.5448172350716655
14029285,0.6224070904992858
14012598,0.6027515042407097
12008249,0.7457791667465791
12032642,0.5878127862890493
12024179,0.9020880241174762
13018223,0.6833942253711601
12020894,1.2171412185449046
13040460,0.58311125300203
12100958,0.7785705025891769
12015564,0.7927231648612361
13010521,0.6057032055744986
11027990,1.033051598082709
13056168,0.9556153178501473
13010793,0.624985401178222
13056871,1.0943955471033404
11022304,0.5976009378824038
13042387,0.5960961419366706
11045198,0.8540780606186436
11019702,0.773782148084557
13100733,0.6604563917996036
11040781,1.264134157325528
12028020,0.7223975701306982
11033905,0.7578164472739124
12101152,1.2098176102960714
11033441,0.5478104192972305
11039644,0.911242453816909
13034801,0.6578111597263679
12015324,1.0117970007210448
12025623,0.6690816074356705
12012671,0.6115241853108606
12023920,0.5576860530161407
13048434,0.8329550631089729
12019602,1.2703808573688407
12016250,1.0925353361601597
12020696,0.6922221480422163
13012909,1.1531405660444936
12024021,1.1548424657865999
12020016,0.9591910631470975
12020624,0.6126319103647958
12024048,0.511148192914507
11034631,1.1644654523504638
12020036,0.28173316939189325
11002024,0.6844972209838085
11038487,1.0096834530679992
14018346,0.4480463129391653
14002472,1.0470053854456218
13048590,0.41791719998519045
11032071,0.7696868307696537
13041515,1.115836016816447
13041135,0.5498813620434498
13017951,0.5993599140793701
13024262,0.4666294896943948
13043708,0.26943141141204896
13035321,0.26535424869651114
12020816,0.6560934920408482
11051629,0.3905775448355916
12019599,0.8188527274804666
13035912,0.5194261535754026
13032213,0.7875687529729369
12008048,0.8166768522464323
12016097,0.7761135037984055
11026911,1.1559253163839704
12005177,0.5897283716841653
13026706,0.7588542073099014
12012188,0.5454911099764153
13032066,0.5317035613524027
12004300,0.576220577918531
13019205,0.9649745798651624
11040817,0.808994674550442
12015860,0.33454468835631596
12012850,1.1249079214163686
12024467,0.8435359305944685
12009174,0.8008227740497524
13042983,0.9294312116969092
13063137,0.8206342012068301
14044226,0.5809967749503703
12015596,0.8037503119525297
14012709,1.0629558017355796
12015997,0.7651715790107623
13102038,0.6553379092271882
13024299,0.7662305820390354
11021170,0.9672181647993517
13017985,1.140061668060613
11033076,0.6996200003458597
12011592,0.6475958502682316
13041625,1.1663738474753669
11013811,0.45522438504931634
13025454,1.1195739095592152
13018429,0.5450704862653463
12021141,0.4737291543598129
11033043,0.29200281039344217
12025229,1.0077865171763851
13056887,0.5140337334227465
13051908,0.32740585690795243
14011264,0.72151571709246
12019990,0.7134751657054796
13020436,0.4330232609854393
11033385,0.9885120690366546
12019153,0.32396318308065997
11051130,0.6727137645485741
13032478,0.2937938976444328
12004234,0.6949215655782145
12025642,0.3905514275647952
13010496,0.5539754292075577
13005086,0.7899393450563413
12020582,1.0728583075243658
13027763,1.2426787845844922
13059276,0.5829853372985352
13017171,0.38176191351901556
12016162,0.8175632719039655
11045588,0.8729179656144206
14033700,0.9805952049417933
11020150,0.5432846141056127
13013524,1.1849155666991795
11100411,0.7695252832070193
13034913,1.184352869821817
13058133,1.1188908620990017
12020744,0.4186860561121074
11034837,0.49990691379496666
13011656,0.7101226117593981
12009276,1.1568329360891785
13101985,0.7342849067383646
11035480,1.1552418362017067
14011651,0.6658443165100648
14005635,0.7138117117852504
14100963,0.6843293017563277
11046771,0.6704606534339105
12019564,1.1689257848183232
14008093,0.6325969293155732
13010546,0.5558006769786823
14023177,1.1067032970775452
11014781,0.9142213748441536
13010364,0.6818566010412691
11020228,0.9320863177118047
12029076,0.36909003043444244
11013366,0.3474566534921319
12024644,0.9430619389838742
12027589,1.0830987318287832
13025944,0.6771435405097852
11051249,1.1578613575602013
12020029,0.6148225506788153
13004181,0.8373977779104976
14001763,0.6719494286808889
14013114,0.4471240945750554
13048454,0.7144780078407513
13035937,0.29837891927944826
14028946,1.0274892953590324
11020243,0.1568440512023889
12012052,0.5512346823296315
13049406,1.041106314050012
13035164,0.9718400196910559
14033260,0.45467183943243983
11014364,0.8690029373102688
13027197,0.848836556239561
12023867,0.6401787876021906
13032226,1.1061866718680333
12028101,0.7740552752180231
11051992,0.4340046845426606
13064237,0.7682296596512539
13059411,0.311408005950044
12028633,0.6663823157280734
12020350,0.6260107102424655
13005395,0.8303219875442744
14017869,0.6115845903695947
13018481,1.0926916986432307
13026059,0.6686358880072456
12028614,0.3014375250039857
13024327,1.0564614616250723
12019042,0.6993115694798477
12008424,0.6087524370836095
13026010,0.7234845732621854
11013914,0.7269061064143727
14010862,0.7162380121052979
12016641,0.5946606728578068
14018592,0.6943254006027858
12005126,0.3913139318689564
12003738,0.8704623940160189
13018389,1.1595829428598503
13051817,0.6006182524875542
12028854,0.7157192706118533
12027703,0.747421889202237
11037889,0.6929605665906443
12025448,1.0572447630820385
13031606,0.846225858673017
13033774,0.6742783391433923
13018487,0.3444310466976118
12012669,1.3081416922901303
12008188,1.064769447990858
13051194,0.33259036823694804
12005745,0.6283203813220575
12016165,1.171026704112407
14012644,0.7281517017050981
14006356,1.1498464037510614
13011774,0.19879959428423388
12016774,0.27981278193072806
14011825,0.7290707584626701
12019219,0.7585392759915898
13042216,0.6580141689093197
13040177,0.5548554260971027
11032745,0.5855227467360659
11101601,0.5549544117348413
11045881,0.7528427095752265
11018399,0.4297074107685971
13033633,1.0968135237318133
14005568,0.577028594479252
11008332,0.6845504182905334
11101402,0.8153194155511813
13028630,1.2861190726542322
12016783,0.7602159755924154
13019309,1.064903084029493
13003665,0.3192073106996372
11026323,0.6187850216298019
12025611,0.36036609022036137
13004083,1.0323692881008393
13028038,0.8389912857419408
13002680,1.0785238580837293
12028175,1.0910823539832515
12021406,1.1412859601228769
13012621,1.0390643701877649
13016047,1.3137476286328167
12012908,0.9335559614587347
12019050,0.7538252221624719
14018811,0.825039938427682
12025237,0.7041223133670755
14007114,1.0830987318287832
14006161,0.7188553373376967
11101000,0.555566824445573
14027646,0.3516412365638025
11024939,0.536298331784053
12016075,1.1019585338481
13058749,0.2860395884223744
12016047,0.7251082158778273
11008362,0.2957169802538807
13019643,0.9402934175764519
13050376,1.181284667525263
14016729,0.7429905899507945
11021248,0.5066245260806603
13011601,0.36171895068561805
13063195,0.8227956657641233
14011853,1.1280133428581638
14022866,1.081131771607223
14028942,0.8766361056481387
13018981,1.223402704219215
13025203,0.29959938579173007
13016976,0.8676416178779431
11019338,0.5199149090513989
11021120,0.8709400611146
13024969,1.001835632376393
11051318,0.48731767203620996
12020842,0.7441896755190325
13047916,0.6317678451720411
13026172,0.5982385351750195
13048456,1.2021874946109274
14039630,0.6781221192963003
13043329,0.8333485676591104
12009386,1.0477934548635712
13063872,0.9728181124735565
11053072,0.5601928889274305
13017983,0.548847668712125
13012029,1.2554704457234231
12029342,0.6160312190315607
11019507,0.8879866590151546
14022459,1.0976541030443796
11040690,0.5277091229505674
11014432,1.1109375622215598
13019614,0.5629017450372825
13033507,0.38761241586696665
12027368,0.3743499741629924
12008548,0.9708338917110783
11045055,0.46111422391910273
12003814,0.8331287689794369
13028379,0.88873989588627
11038195,0.6627165764562745
11051849,0.7542937521782813
14029316,0.4941104924668162
12020356,0.879250096137902
14022680,0.719819842200459
12003667,1.0071247810163506
13048566,0.6051333080040725
11051133,1.091826921157052
11052543,1.0543540851689028
13063025,1.0340458125361178
13012846,0.6315596732420433
13018550,0.7403487950057248
13004291,1.107578473692484
13027933,0.891921679865982
11019822,1.1223875947153683
13035422,1.0830987318287832
13100282,0.9157777311890868
13020620,0.5224030403423778
13056104,0.7714161571861967
13019217,0.7878533268330479
12015688,1.0470053854456218
12017007,1.0830987318287832
11028136,0.48412677779763663
12011347,0.34186003333949755
13051885,0.37285231737031654
12011226,0.767551472559935
13032659,0.801213849297769
13065151,0.4767076025227427
11013060,0.43513339282912317
12015416,1.0278847388149626
11051135,0.38329144207720217
14013153,0.5791971556119547
12016806,0.6116242345706059
12007598,0.797168264439492
13042616,0.9717074706220782
13033962,0.43400605641715917
13017339,0.7216189981819426
14010854,0.3368585672415412
13049619,0.9899701531736718
13050984,0.2859988397228634
12012169,0.8728778022807651
14011723,0.780968626599016
14014083,0.7054243261873109
14100379,1.0470053854456218
13026128,0.5186392023759508
11026452,0.5599478539203137
12007606,0.23500071105739392
11040772,0.5089447834645152
13012963,1.113777643567762
12003990,1.1102311710703003
11045221,0.5391738847297582
14018066,0.9649745798651624
13032460,0.2857131543398299
11044553,0.9990373025296018
13018424,0.6220443786441247
13004265,0.6678400473598687
11040653,0.5064088227806027
13025488,0.21334558690675512
14013147,0.7629821189524562
13043555,0.6954795335818126
12024662,0.39325519481080706
13011213,0.7506975261844997
13018012,0.4909619180899197
11050735,0.6797230139161063
13042378,0.8543063140539416
13017851,0.7898943223913044
13025733,0.9915220799316266
11039254,0.6479895817706665
12015649,0.9176653855946462
13004223,0.5728070799796633
13009276,1.2491859562728669
14011412,0.7189667755472927
13018600,0.7348317840476635
12015983,0.7544837465514322
13042309,0.45981183018552474
12016382,1.2307700222206992
11020619,0.44787653677842953
11019146,0.5079893308882795
11007754,0.5867059740116491
12100029,0.5559859385586043
14021986,1.240549129714591
12013446,1.1614005848178222
12004763,0.4942958885710712
11013900,0.6734629196669247
13101878,0.6925041612712404
13010297,0.6693216512964438
14101007,0.4225519274646807
14018440,0.7391418330314677
12004441,0.377484235742131
12011622,0.73760200849285
13024727,1.019497858114092
14011136,0.6557425012397124
14028150,0.49142748003999703
11026751,1.0589327659813361
11040025,1.2000399937682753
13036550,1.054418005808658
14007355,0.7209004665185023
14032650,0.7863762905168153
11025178,1.0417498528706526
14016583,1.2898183099379315
12013211,0.7472892001144156
14039502,0.5103791620718501
13019975,0.3936704898430412
13057956,0.48429607441987843
12015364,1.0470053854456218
13064843,1.1087232808211798
12013021,0.8239419147456323
14029122,0.9835376569725627
14011175,0.9757214706877556
13012419,0.8449629463967794
11044972,0.3217421273661429
13040842,0.9612520327668548
13017229,1.4089564793012264
12003817,0.7166036606894264
13056058,0.5833735206711588
13004104,0.8948306221004774
13058119,0.5933574066210675
14017093,0.6518550394142819
13019047,1.068619440429232
14018061,1.0470053854456218
14018456,0.5063577155110294
12025204,1.0724455456131108
12025908,0.3100045879873242
13021235,0.4791620514937473
12007878,0.9452456118527213
13034464,0.5559811372843931
13020536,1.1445653849900126
12008210,1.1306039479874814
12016318,0.7323587396184736
14034710,0.5746282016096812
13041461,0.7380028663355717
14018319,1.031246027755278
11046512,0.5390494709308259
12027415,1.123332614337546
13011116,1.0216696585534126
12016826,0.34462368367674884
14028018,0.9420965300109069
13035333,0.6731136099929764
14022240,0.5742954441939097
12028956,0.6095077125354064
13011171,0.6746110515567718
13011094,0.9166329407115359
13062927,1.0679936717898284
13027510,0.2814401438525856
13009465,0.968596300239152
12008743,0.4688642617165709
12011124,0.5819499229639495
11008303,0.5499762809972953
13026577,0.4838980820349377
13028581,0.7703187670773142
14006717,0.7495071027193558
12013472,0.68940631361976
13035941,0.5161691712940776
14013577,0.8174889027598434
13010900,0.6322011974946805
12016167,0.7097183667322307
11013217,0.9311688221018071
13056823,0.5266059251170466
12004568,0.8817186758904375
13040209,0.6140293768419754
14101541,0.7993726181873567
13055504,0.7472877628054196
13028105,0.6574798315315266
13019790,0.3097188680753534
13027514,1.013908334965886
14007539,0.6513862419307569
13048573,0.19494061162242313
11101174,1.0830987318287832
13009721,0.6677039400223583
13058805,0.6420928515646844
11045092,0.8160268534054956
12008807,0.8056679921824276
12016928,0.5865412081671382
13102010,0.615531265092776
13056716,0.5825513273416456
12003856,0.6391321569511307
14033172,0.5747773435362328
13004609,0.9279915332719416
14023375,0.5025616169334624
13024646,0.5615314473206284
14018106,0.8700091238799271
12100971,0.7063769221392817
11034316,0.9803621290602234
13003432,0.9165681704327951
13009724,0.6254887158655685
12017286,0.8172366224830635
14028181,1.0470053854456218
13040515,1.2952316806389517
12024677,0.9559765120486395
14029001,0.6731849258020642
11013389,1.1634964352151074
12028356,0.7485855602115555
13025383,0.49311211803731503
14012711,0.7592738471414607
12019887,0.6244642714067458
12015310,0.2940951891663574
13044297,0.7116575394017297
11015222,0.5941588696869367
13040634,0.7129210277089372
11043877,0.608386174393142
12004177,0.9828982369375765
12100933,1.0470053854456218
11033577,1.0244910361844608
11045649,0.6011027232865251
14039545,0.5949084434620687
11021670,0.748107991481343
13026470,0.9514730806804501
12017417,0.6345360905597242
12019805,0.807290906401203
14021937,0.927386402399818
12011823,0.8340224393580618
11050830,0.36840550721654786
13064781,0.6838814888283281
14013258,0.7846612636874927
12028649,1.405251495115238
12025604,0.4238519350063259
13004748,0.3609140650661553
13042046,0.4444829287447606
11033855,0.9435149024967668
13003431,0.7401413313183764
14022322,0.92054861795663
12011565,0.7945202753429242
13004135,0.520241225856848
12021039,0.2841295349559864
11044900,0.6039890666433856
14011188,0.3986246602511382
11019195,0.7629867079597217
13011177,0.4876403165668775
11006484,1.1564721708312604
11051401,0.995744509838015
13011165,0.7158545186860593
12024727,0.7224541790121226
12012811,0.822475654797159
13057566,0.5637182610956126
13017243,0.8631670610510084
13027391,0.9166800267144681
14024649,1.23469751325225
12028011,0.7390252461810645
11050848,0.2661622658338236
14006148,0.3024126846310835
12100914,1.0992520075385614
11033839,0.45703600785621085
13059123,1.12944972569395
14013713,1.0564817686205945
11014276,1.1162256215146207
11025794,0.8982526344998291
14021785,0.6062460259556336
11008110,1.3106072502562416
13035128,0.8638475305072775
13019986,0.6942636241422678
11038339,0.4411416150662687
11021783,0.37843437005026287
13009448,1.2989095182813886
12013128,0.3079045012166238
13017389,0.3196062102010411
12020949,0.8422452373969915
13011103,1.234541615363503
12024346,0.4111195106393777
11051162,0.8183126065811035
11047418,1.1840579503580682
13017347,1.0882334015728166
14017077,1.04249583843579
11033900,0.3583887258348261
11100966,1.0538888645038589
13002831,1.0191738490953643
11007811,0.910414856976783
13058707,0.8295197742638684
12019672,1.0778839672247262
12008849,0.7966916897150366
13019877,0.6145597190922548
11044633,0.760211884488481
13018372,0.9875952106002545
14011285,0.6922501897684827
13033910,0.576686029581619
13050535,0.2675475037352451
12015889,0.9168559574898647
11040225,0.9861521440834182
12012436,0.5675881020391381
11028611,0.49008248490791206
12008117,1.0271683937590352
12023608,0.5932661108843957
13034693,0.8760563628699629
13057617,1.0992520075385614
13024633,1.2886693130460278
13019782,1.0704078312996759
13042954,1.0055954661195186
13040723,0.2278411251921291
11014814,0.6095399385440242
14039307,0.5513460173907868
14023053,0.45955630132293196
13033014,0.8877484799019693
13017937,0.5797934291092682
11040832,0.560384731015127
13034812,0.7117899987975427
13035243,0.4382767936907589
13041373,0.78108598944228
13034596,1.0667738954495412
11014372,0.4330286260491395
12025236,0.5413396141901468
11051526,0.5790404231357545
12011910,1.0470053854456218
13026607,1.1067568591585113
14023346,1.2180470609794032
11031463,0.3981074205739505
12017252,0.6551731048648306
13041836,0.4482873239049436
14023326,0.6952412606623103
11013226,0.8681006067839909
13043023,0.908431866192739
12019119,0.5676373001320605
13018068,0.8318849276334447
11021737,0.14712618881198306
12004406,0.5626470630819121
12009042,1.2128416249133724
13003489,1.2404241617129101
13024760,0.3529910561786018
11101263,1.0992520075385614
14033266,1.0939020271875965
11025710,0.6131239074415239
12023747,0.6434947887603601
13011960,0.5381067954558982
13003418,0.7026015849071094
14024594,1.1607744390236518
11032633,0.61070763558262
11046823,0.8544453740731818
13100496,1.0830987318287832
13039890,1.2982326179378971
13025469,0.7161255738647019
12019469,0.5482725165931582
13057500,1.1427319248470371
12004178,0.6291785390920943
13017219,0.8975854045061284
13004220,0.6436913071317708
14033830,0.8460866640416075
13024741,0.7200066128335004
13024936,0.4447950903517044
13064305,0.34372114227027006
12015584,0.7176405174622038
11032806,1.0470053854456218
12007361,1.0856726062912034
13004198,0.6462333083973514
12005170,0.46526116595074013
11044724,0.6025001916129124
13033832,0.843921519183372
12025415,0.41566358879346776
12011819,0.38058422524300745
12016360,0.6443258178756107
12020505,0.3536644609000679
13020551,0.2801739827683537
11019768,0.5906238633662051
14006031,0.47020885781413213
11040230,1.052701883932149
11052766,0.39420843025640356
11021604,0.7132914481025332
12008830,1.2095734733738377
12016352,0.43333024989036123
11052021,0.45012719291862785
13043012,0.7094419188301859
12003582,0.7439582587268498
11021655,0.5806486586672869
13027438,1.0742640560618801
13026702,1.301860582123447
12024507,0.8338844294257829
11052689,0.6509709136045294
13058625,1.0141071339752545
12016390,0.7282553234771554
11019748,0.30161119709196343
14021935,0.9680832863452276
12004611,0.38282475606240496
14021836,0.9614177853756669
12011503,0.25906600393317736
12023990,0.71036196969319
13003336,0.7794266731581418
13019696,1.0568953331677102
12008187,0.792644930046854
11045753,0.48868076064108357
14039056,0.6391131483607386
13044216,0.7564722577023674
12012612,0.5963064626044358
11041324,0.547911883583611
14012553,1.0992520075385614
12019382,0.6933542723524571
11027425,0.9335671242988325
12008933,0.7908044304329555
12100324,1.1487771715432444
12007628,0.26837311106076267
13101265,0.8907473844604132
12021438,0.974788079280765
12025001,0.6129510938515944
11045672,0.808565227127871
13020517,0.4505494470632527
13017363,0.4964864909730214
14028144,0.5290231793610805
13034618,0.3236894563942477
13101996,0.6655129197820833
14033041,0.4549230334940477
14034288,1.0731028203532673
13101155,0.7539382760918457
14100540,0.5442852272140898
13034831,1.2474269305602843
13010480,0.1548659696355757
13064130,0.3783962688785339
13017125,0.9954941470256811
13025427,0.9572925574832433
14016989,1.0368552758335903
13050588,0.7599276361988624
11027847,0.7275727300204686
14035190,1.0514275933571113
12008929,0.24867082415878408
14100612,0.7581835984273018
11040107,1.0687558609196792
13005497,0.8526961700634558
12013525,1.2943328682197779
13009259,1.2357417540354645
12029077,0.48434548859325893
14033840,0.7940289166869073
11052641,0.9678574097343206
13036403,0.6443724412074804
11007868,0.5470124592502952
11047609,1.0248590294947415
11100604,0.4151255257520534
12004966,0.6531648129098918
11047075,0.35877548713835283
11034230,0.5977007119400667
13043055,1.1086907452266082
12020946,0.6784822095982871
12008207,0.8106233477811602
12004783,1.3572148883533528
11040007,0.5886390049406388
14007353,0.892295324045258
11038997,0.981159518996904
13024511,1.2411925327004767
14100998,0.9649745798651624
12016119,1.1926136905372346
14017493,0.5176926931372225
13025515,1.0558576757222258
13026782,0.8236520646263567
12015485,0.4050305619708822
11044343,0.5151940718873493
13020374,0.7700190444971359
14029368,0.6358831269792996
13056061,0.9361369495123111
14006737,0.7340971212373508
13019992,0.5047290877522554
13057338,0.536648162082467
13012268,0.7418955182491307
12016552,0.40731617694052147
11034350,0.6979468217069237
14029210,0.6889855906509668
11044340,0.7243239068604046
14033623,0.7685202000261495
12007914,0.6871774216947988
14019347,1.1027746700141194
13040638,1.3268564481019254
14016842,0.920482480681863
14011985,0.7136261589713212
14016657,1.0733259786888394
13004993,0.5050060994089888
14100787,0.722200157099844
12025629,0.6670412069939302
13024970,0.3698151873941813
12023748,0.7541263768159221
13019729,0.7732594967125829
12015276,0.7803713073159994
13043746,0.3405169121952393
12017118,0.32446924065743027
13012179,1.3858058297644793
14023327,0.297588364295871
11039157,0.12597120528432176
12100437,0.8021740400903712
12004165,0.4964864909730214
13009799,0.8919764727347678
12015470,0.8346174046546703
13003830,0.17638323537927958
14016268,1.1831163846329613
11025841,0.7083175868032918
12025132,1.3577988309789388
11020598,0.4858133933111008
13057430,0.5224599173464137
13056934,1.1676923150372491
13031725,0.7651411337861435
11015341,0.5679855531468585
12004139,0.9852978913251735
13026003,0.9920668674666506
12007575,0.7466209338254901
11013290,0.8636889575503401
14028483,0.8381323607415505
12024751,0.7234683692881329
14028941,0.3690865295399306
13026787,0.3126167667406637
13056906,0.6012684123126127
12012244,0.5922783435560248
12029038,0.5401731822702723
13011786,1.0465685213477274
12009263,0.6337829842570915
12025032,0.7512891785270813
14010828,0.6645500674431394
12019695,0.2948839227745263
11044036,0.4715606025153569
13043691,0.2704170588479269
12021004,1.0004387989364354
12027746,0.7638603199099521
14013211,0.991464178796423
13041572,0.5572694846461812
12016388,0.5163131946788436
12020375,0.35536010129652806
13010953,1.1048013238034322
12015999,0.8147396087093127
12004790,0.4815267710788412
14013316,0.474225752932437
11051633,0.6713136689195898
13058189,0.32065027235835686
13004732,0.6134391063684689
12011775,0.8622298146274113
11047302,0.9682046599012137
12007757,0.9623686231562679
14022642,0.5850992025518116
11034765,0.43978865082374247
13039998,0.6718544850976681
13020544,0.7401618826081975
13009854,0.37920140135547725
11040726,0.46496466044675927
14022010,0.5069530403160764
14007565,0.7194089375351579
11027040,0.9331170493791706
12008520,0.8457160980997019
11007266,0.43037347457845954
13049724,1.1630733295589502
11047045,0.4377901734753535
13033008,1.27201450127194
13025290,0.8150661901150533
14012102,0.6495200124261741
11047058,0.3535617521505776
14029349,0.9649745798651624
11044631,0.2937045415775915
12020230,0.7406104094689401
12023330,0.3108469712015694
12028669,0.5236063177602539
12016467,0.7674808600207228
11034313,0.9769432067069792
14011872,1.0992520075385614
12021199,0.7517223703459249
13012864,0.7981879401547505
14028677,0.868916410882175
11020161,0.49011859425019993
13034904,0.9649745798651624
11101579,0.9847913100026692
11025720,0.4712755368521319
11032736,0.2611574796570626
13043400,0.921470888125261
12015835,1.0894643662644572
12008456,0.9182705858828721
13004522,1.0579561313000632
13059007,0.9399929001787626
11013858,0.3487757296451249
14011289,0.3596945905145968
13010627,1.0543469315844203
12007449,0.9462345978797352
12008603,0.49762354139721715
13041457,0.7712913472693668
13051050,1.1803048185021572
11033260,0.9064148374820339
13034519,1.288115347767388
13034443,0.6849143660889798
13025699,1.285581726239619
14011741,0.5557501890286614
13025048,0.9672257703976417
12009280,1.17032148580167
13050310,1.3153878208310197
12028177,1.210001303280156
14023454,0.6024983551839098
12007729,1.1998487569375
12023905,1.2981010143039962
13034963,0.9649745798651624
14100614,0.5714169949593866
11044511,0.753089365897509
11013236,0.5781017613428097
13026578,0.5957700321953738
14033661,0.4674104681583707
13019303,0.7854556390015925
11051978,0.19260685516931841
13003783,0.7430665661035969
11028029,0.4800852287137083
13017336,0.41411056888991926
11033779,0.5149457185405637
13057749,0.5257880222665283
13034629,0.8398300162466653
13004320,0.9893569240130403
13004103,0.6687067035932373
12023753,0.7113114954193093
13024743,0.7819888153183214
14017206,0.7214873021578254
14006711,0.5336215391607773
11051563,1.0240844169578356
11020273,0.2507195575531259
13027621,0.6735736255930461
13051087,0.768707237322005
13035252,0.8731379784007982
14023726,0.5731396028863075
13026228,0.9763406541757457
13016918,0.8990519119990222
11041352,0.7072968516235654
14039088,0.5850139799161805
11050787,0.5672377512010722
11101105,0.9966184747773845
12100949,1.0794713416412993
12021083,0.6292226160792157
12019815,0.9690627514854364
13041944,0.5881004702912516
14012460,1.0470053854456218
13051772,0.5826968386051388
13017135,1.1463044802691988
13034601,0.9614063230083846
11033830,0.6445639848703564
13040176,0.4898047940102776
12008326,0.8079331483275003
12023825,1.0470053854456218
12028773,0.9649745798651624
11041081,1.169880756473148
13033262,0.31273038485542987
13004315,0.4376359187822456
11020727,0.2256821331273244
12023600,0.6746098221057533
13017355,0.9022604898916048
13019256,0.6503366795163803
13059396,0.8996301881707657
13016239,0.621698070865839
12100417,0.7531336391094272
13012904,0.5395931571853866
12007920,0.7022407676625847
14033812,0.8707842402075587
12004474,1.3488632409786543
11033372,0.1344021584022952
13012126,1.0470053854456218
12005123,0.9795327355501987
12020727,0.6203436686681706
14007137,0.7511530077278672
11100802,0.6151932075689288
13034113,0.8637579661840814
11051201,0.9262712027752197
12005456,0.45314730547666654
14023234,0.3927185242988538
14012894,0.9649745798651624
12025094,0.771313626537569
14011759,0.5993413530112305
12028393,0.8999010790847377
11014901,0.3456434216403788
11045205,1.2042647566048619
12028639,0.9091212156218563
12019709,1.0470053854456218
14019342,0.7360515025331158
13012352,0.6978845760144905
11007332,0.7337216647028577
11025749,0.6983549932999707
12101390,0.9158745359674767
12024479,1.1168816916644793
12003536,0.6312963579980277
13020095,0.2674486097770087
13026795,0.7562553715461068
11052394,0.8185723302534341
13034624,1.1752593779970983
13040082,1.022209458114272
13012383,0.35560639318243753
11051545,0.7274224298563354
12029377,0.6409019479665553
12021080,0.817416861967527
11045071,0.5758835599794544
13044163,0.717940367841747
14026711,0.6295225503013403
14101264,1.0954585038566464
11045549,0.41251873255322624
12019543,0.3725566123099534
14028554,0.6849692792464821
13051437,0.7905224828809655
11007034,0.9075934495727319
13024003,0.6603551609851808
11041315,1.069071854790123
11006771,0.2731850578497685
14022928,0.5057875350406053
12029411,1.2138445536238687
11101160,0.91579943102141
13041530,0.6156094610532163
13048516,0.5422915070626947
12019424,0.6743051855513171
12020045,0.2645714846947363
11021666,0.5894337438831211
12005447,0.42063520842126617
11034769,0.24671220701763213
14027545,0.7180258971690872
13043068,0.7922027046025425
12008533,1.064892450350038
13050450,0.781141267071166
14023661,1.1114185813088138
13035086,1.334838888982863
12100525,0.9667276403823968
14033536,0.578333295720079
11040856,0.6408668241697959
12027932,0.5216792508027914
13002872,0.623204931410557
12017000,1.2680514171404391
13064530,0.5855727164580272
12028985,0.5512234967141518
12028019,1.0196418114784864
14035181,0.5234577631663335
13065177,0.7188275930896649
11044863,0.4521514319063939
11052033,0.9222004133472326
13035943,0.7283976762374251
14023291,0.6120205260296137
13020527,1.327439051242361
13019861,0.5387265518340447
11045409,0.9885120690366546
13051079,1.2660824394355727
12013503,0.26932412189539673
11051163,0.5720928675977616
13041621,0.5279598539920796
14034665,0.2980018155830475
13063591,0.993468782825485
14043854,0.7018846843621499
12011846,0.6577695773690251
13050655,1.063403192936579
12011513,0.43383289018571625
11032900,0.40967554299878506
14022011,0.630047566333488
12005110,0.848743835051375
12020697,1.1909545976977969
14029541,1.0992520075385614
12013547,0.39364945475373847
14023045,0.6007648745669695
11014883,0.4080269477288537
13010543,0.24750964399802775
13033830,0.3996980324874818
12100280,0.8529117270080256
11014108,0.7681074183653512
11024931,0.4144540318875878
12007912,0.8503730655545813
11039061,0.3853643445500605
11015247,0.4864972514792636
13035052,0.6004031140363891
11052625,0.7585684915263452
11100202,0.5515217185701555
13004254,1.1318571500206391
13005332,0.8812587178173251
13011184,0.5874102526118491
13043034,0.36498176046880365
14022237,0.5910186112043428
13017987,1.1374867930369776
11051580,0.9487460231009723
14028073,1.1428860616200098
14028855,0.8657180784745968
14034607,1.1512144392557662
12015887,1.1745194362171962
14007054,0.34050882819235784
14028832,0.7683927316494085
14034297,0.811300968395369
12016329,0.23611276456130179
13011526,0.6334892500839028
12021101,1.4323698758343224
14017719,0.61740947386635
11037887,0.7581725351530006
13063478,1.1543551536510444
12019604,0.7045215140232005
11033178,0.46822642449680735
12008653,0.6312254688917422
13004608,1.0955166019839204
13043167,1.278393495196126
13005496,0.30165522278665063
13009543,1.244538165432276
14006992,0.6853655623913
12024196,0.9193141546546933
14023741,1.1318126151607122
13101067,0.9411089196893746
14100499,0.7349393241322081
12028467,0.714621681229502
12027597,0.9555342136468392
12029471,0.9065275887957845
14101010,0.9649745798651624
12017058,0.6112358002213195
11027054,0.5039739012417759
13035207,0.4503117833761246
12019919,1.383408402148356
12013241,0.28021965488097833
12015635,0.7486193179515893
12015967,0.9012299129950163
13026391,1.0290086511970624
11013585,1.0982116955118024
12011933,1.2764109555236256
12020424,0.2624961094217192
11040179,0.5539432095954518
13010464,0.9439230877411137
13009796,0.4391835808516268
14012289,0.5230144712998185
11033292,0.5882685133664868
13017955,0.5467060818909691
12023687,0.4561761800832705
13025463,0.27625619838173676
12003965,0.9249903216442092
14018756,1.1174651363349706
12008826,0.5990979063266074
13050852,0.6596267383920205
11052446,0.718825618196508
11045662,0.879878324247215
13010817,1.0474489848627555
13049807,1.110428702921367
11014133,0.5837189938547483
13063157,0.5166439406625343
11047491,0.4417276296320873
13032803,1.178182912300468
14007945,0.7721679873584698
12003737,0.868077429804203
12021312,1.0006855461214668
13057487,0.6023682661368104
13035615,0.9857863108854131
12029106,0.37462213422235063
13040601,1.3886725503041815
14016074,0.6545559669479355
13064327,0.42913728415524244
12100420,1.2288400151216345
12028544,0.7214044358278282
12009047,1.1715150477844367
11026598,0.5599811528212161
13036013,0.5925230897872541
13012416,0.3633653044414922
14012163,0.6890039433687958
13042370,0.5453309347814441
14100646,0.914993774180753
14027038,0.2189886187263033
12027459,0.9463282953730361
11033221,0.631832333850045
12019502,0.6023729012851976
13019225,0.5014468129769128
12025025,0.6446349548439291
14022962,0.48335080303031436
11045619,0.7817362491815202
12028299,0.25596573585622195
12021047,0.5690224613157611
12024386,0.4296414303055433
13035870,0.6912746069737492
12019646,0.5340753768655839
11026276,0.3962967206194835
14033847,0.6434071220280478
13017285,0.6725473419335976
13049844,0.8330740556978314
12015444,0.7894931746620948
11045716,0.7560508710423897
13018333,0.3229338147283994
12015593,0.7918190057760259
11045031,1.2195515344521966
11028075,0.4743407627791139
11040285,0.7477868711890365
14100261,0.6676283494621391
12015548,0.6021309304774599
13041809,0.8747772554393187
14007091,0.51772149771913
11039698,0.6709441827632052
12015024,0.5979782284337584
13100736,1.3117293374115875
12019571,0.6945886326775909
13056251,0.3228435088173946
14008382,0.5220244176631172
13056835,1.0298208144102974
13051796,1.0439104936707742
13011152,1.028015168696904
11007781,0.5833996056969829
14021961,0.5031061150808077
14022356,0.5275524644456372
12008621,0.9209235239121127
12028986,0.8244903185864908
13018648,0.7139010377207871
12004391,1.1349387821900854
11101172,0.4893478341619318
12016853,0.684356235728886
14026915,0.7184941188916016
12029386,0.39640449055705484
11028049,0.38009601458899667
13049586,0.6680938746056205
13003802,1.1949676518818146
12100598,0.9484216990810737
14017419,0.5166727815597697
13057354,1.0663545257180989
13032469,0.5387223971343468
12008558,0.6936644764832394
13012290,0.9401405284165965
12100304,0.88150952684222
13044107,0.6241296327886814
13035277,0.26465172763813266
13032322,1.0992520075385614
12023344,0.5815518498384695
14008423,0.6435538825475866
13028622,1.0221652607244227
14039646,0.5860111305400247
13017218,0.6628035609662869
14005636,0.7008104080852626
13032938,0.7925420991087764
13050617,0.860073371302685
12007462,0.9279154253993503
13100697,0.7495741231342229
14029829,0.6443440717537074
13025170,0.8835096519763025
13004735,0.4384439279459991
12016691,0.9041117636748812
12019450,0.989329697970142
13035775,1.0811614240118277
12025488,1.190336313855149
11039617,1.1092852514280571
11033353,0.4995041798215218
12008844,0.8939442737343861
12020038,0.6048891403841767
14013282,0.8238232607776295
13034622,0.42478643380415
14012728,1.0470053854456218
14006681,0.5904007987529142
11044379,0.726421751297169
13010477,1.1201594574452236
13043717,0.8884056280867892
13012368,1.028724254481163
13017181,0.7593907323163214
12011912,0.6028535470634906
12024844,0.8790002682958026
13036593,0.9580574297200737
11051123,1.0599849281276743
13049875,0.5206708061248612
12101166,0.8100203282839453
13012973,0.6321408549013862
13003566,0.7891638103038672
13028008,1.3029596853177499
12021024,0.7283035809353755
11027928,0.9885120690366546
11014805,0.8935617429674851
14027501,0.6065984612083111
12005549,0.5221889884504266
11038647,0.835663501854037
11033824,1.0187175480005333
14101248,0.5776649279394569
14012324,1.0685890197364543
12028661,0.8885438739535934
13050331,0.822985505270113
12015765,1.0108563645438302
13018875,1.1379613941337001
11051074,0.33770826917284724
14013763,0.610513157796923
11019067,1.1191750684448998
12019380,0.9406843948313446
11020771,0.6616301619527497
13009951,0.95316048661155
13010258,0.7960319387218375
11045710,0.39103123852744054
14012022,0.9141241486975811
12025788,1.1413872586683826
12008905,0.6431909145148089
11039105,1.2404376106965926
13035251,0.6852731710628932
14028085,0.8192989855987003
12025418,1.3488013342644598
12027356,0.6510331312069012
13004601,0.9285365690948298
12013393,1.0783451248909377
13042070,1.2969003717035608
14019041,0.539845512941243
13049147,0.8009610564098507
12004029,0.715076103793205
13042300,0.31622220204166157
12003671,0.7937924184011075
11050792,0.6132705301626552
13020375,0.5550476377061714
13026886,1.2958319713986755
12020324,0.7380163339172248
11027270,1.1292015669672764
12007583,0.9572118027519093
12020798,0.9649745798651624
12017441,0.6475868659344661
13026185,0.6552690842827341
14022564,1.0696193712877917
12004759,0.9135364269672738
11041377,0.856620193680046
14022777,0.478936882456027
11019675,0.4475855009515546
13026820,0.7294440170789042
11014346,0.23285691887813484
12012934,1.0830987318287832
13008961,0.6101021033776876
11013323,0.44220558374174995
14016300,0.8859515244414532
14023704,0.5924849493495923
14013707,0.612230428054877
13026459,0.5068162677087005
11038525,0.4072658309662248
11032740,0.3271797121702857
13033929,0.6876422387804382
13049861,0.8930264402581815
13044063,0.7489366404987573
14018457,1.0830987318287832
12013199,0.8695415797466705
11045486,1.009228594288126
12101370,0.5454223101208241
13034650,1.029875848763123
12007970,1.0233988666785412
13028093,1.1322106736240598
11046258,0.796792671570734
11032119,0.5275989856645428
14032729,0.950550966097419
13027440,0.81131885067843
13018477,0.7436027967937991
11052546,0.7285561904204967
12005595,0.49400346261340966
13010197,0.9899481089668422
13039960,1.0955472185887152
13051927,0.8859920078849426
11051206,0.7618162330142394
12016373,0.6028172869956451
14034520,0.5400649776516374
11027702,0.9885120690366546
14028542,0.6181166192343313
13041629,0.4657409670503944
12023980,0.708041551800804
13059467,0.7613266235707838
11002218,0.7273609534317528
11019070,1.4288775794431223
12011951,0.6123771359914527
11053151,0.6416597037063572
11015190,0.5851890117294065
12004738,0.6236066025857799
13064086,0.36190202647639697
13025089,0.20608576500623874
13033061,1.0786666124526127
14101071,0.733735129335847
14027658,0.2753698221241419
13033022,1.2309775051143927
12000840,0.39148267166863226
11047288,1.2592929552480885
13024813,0.6452486458031836
12013534,1.2315707101922022
11040129,1.0569321455776097
13040031,0.3741883667592205
13019597,0.9842438811087485
13009547,0.7760151699188468
13027329,0.484897803333895
14011327,0.9693015922458267
12004145,1.1855149115312258
13041422,1.3304912539122304
14100972,1.0470053854456218
11045081,0.3037611338886582
11044649,0.4122868719100956
14016617,0.5463540489963781
14034389,0.2636311830779134
13043368,1.0470053854456218
12016740,0.5705792981485854
11046355,0.9472673344839696
13064632,0.46648986507744533
12025511,1.0992520075385614
13004627,0.8359538123603348
11007297,0.4764494637332657
12028686,1.1790424441695413
13043634,0.6350439587123247
11037452,0.6484025286884181
12025637,1.1459993935874533
12018855,0.586711912101229
13057208,0.7798166950759997
12007508,0.8634106145730901
14012607,0.9023128912610934
11021768,1.1177416316406135
14018582,0.40372665401188346
13036675,0.555876938776927
11027576,0.16060370631322968
14028982,0.6828459731091165
13019786,0.8524682563849822
14017834,0.6689018093209375
13039549,1.0470053854456218
12027979,0.6080786035849949
13051890,0.43276489225534714
12015298,0.9814854892662362
12025571,0.9657794974467704
12020049,0.27238180915668797
14006016,0.8749912982745558
11027084,0.5747340602220141
14012351,1.0470053854456218
13017841,1.1507122604052518
13064321,0.6915727132700796
11040764,0.4209493885323375
14012693,0.545625610840038
13056598,0.6847666138544584
11040683,0.791088522622296
12023802,1.0056566487288903
13024700,1.2941076812812204
11026856,0.9001531647048486
13027707,0.6304983960483013
12003837,1.0017492046541228
13042884,0.34982505748421455
11025655,0.643847264832269
11034944,0.663483135764339
14027745,0.9717245928971077
12012563,0.9621984185508179
13102000,0.7388518379840627
13042690,0.8613956411662591
13011773,0.6609371509450765
13034914,0.5205641838065035
13028066,0.6738134657109756
13033281,0.7991852847690537
14007797,0.5393229270853712
11101144,1.0992520075385614
13056712,0.3116153038959814
13027359,0.43344465116777137
12011844,0.8419935655199263
14021964,0.24136258496060328
13020158,0.528134735852788
13028529,0.5617142081509509
12025304,0.5745708647116965
12019454,0.9490718904877864
11040734,0.49480274895077353
13040773,0.9161973549472263
12028305,0.7699047861382371
12011605,0.3821611263235526
11019939,1.068429427771711
11034417,0.5367080030709391
13010717,0.5972492555072418
13063474,0.6438066348054586
14033325,0.5771314012615102
14007506,0.8506831472392021
12008544,0.19250104682665814
13048226,0.38280270436382513
11032171,0.6410937731883221
14006645,0.5289594469182686
14034758,0.5660891565485165
11052762,0.5238483800444095
11044261,0.34343152884137673
14017835,1.1028605253580093
11008235,0.9672181647993517
11026243,0.42444920286167687
11032185,1.0470053854456218
12027966,0.9826091683745517
14007593,0.7243460084826647
12005214,0.6225375798297158
14035078,0.5296815160897341
13019585,0.7605129605304586
12027958,0.9536678762790024
13057993,0.7837594579465081
13012241,0.7381888239119527
11019174,0.5165737677025073
14034714,0.5565308962177357
14021629,0.5396195205390955
13102013,1.0992520075385614
12017067,0.8312049572893427
12008082,0.8316822862928687
11031737,0.7410544973593781
13027268,0.6726831017283189
14007919,0.3847886212727882
13040425,1.2869720422747946
12028483,0.37320803157331733
12015208,1.177705367471004
11051990,0.2242924026161484
13042264,1.3484640138343973
12023310,1.058913279928553
13026173,0.8259396789601151
12007461,0.8848680870083946
14034398,0.5604014301298667
14039132,0.7128321865461826
12015963,0.7080790813792335
11025774,0.6633637742065219
13058243,0.6093703430998026
13035959,0.7956516965388041
14012548,0.6992936633333385
14027215,0.5968768026995319
13039602,1.0307780975999694
12011882,0.7896559522835294
13050461,1.160728522893337
11033667,0.5826104791041117
14027466,0.76998458196333
13063576,1.0969605886021614
13049877,0.6794032051060362
11027848,1.1472239810821676
12028330,0.8135647874847414
14018950,0.24883352693272404
13063958,0.6689096659154556
12013212,0.6288701677498819
12027974,0.6689229320522573
14007014,0.5042976832730938
13009491,0.6818861905982542
13056098,0.6576399252544981
13047791,0.9780026170410484
14006174,1.083796165968839
13033217,0.33801495609885085
13024838,0.9649745798651624
13017991,0.3721455829621143
12027602,0.8924559380065832
11045361,0.568163545080051
13018046,0.4689041026760832
14006651,0.886138778826044
13035980,0.8010043839347154
13049784,0.6447460553843933
13004227,1.0039536582271433
13011409,0.7165860479392563
14022776,0.6966772025515133
12008652,0.9649745798651624
11013185,1.18138514466537
13051031,0.41362920028845307
11040200,0.6790436606323437
13026491,0.38199347778705883
14012033,1.0457437029739165
12011674,1.1171275350044483
13101635,0.45069505540990784
12011827,0.8678560594323128
11027762,0.6612408484672011
13018556,0.6746778890161397
13031798,1.0470053854456218
13035218,0.18857184429715967
14028980,0.4110293855399536
13011831,0.32699836157701695
13033889,0.4268541661384253
13027965,0.6709343164466369
12023421,1.0402153976840134
11044345,1.0236930872462102
14012370,0.6847878268179274
12011480,0.23555207470483056
11046290,0.7665674150564225
14023341,0.51755598415084
11021175,0.44663256412804875
12005081,0.9878103112759478
12029886,1.1733933338320046
13041622,0.24848908799547897
13033153,0.7014032664484214
13049092,0.7914337055747257
11052299,0.8567480359419352
13017550,0.8619268652917812
13056847,0.5678788119673023
12019047,1.1469487734421104
13058814,0.7407471064128626
12020050,0.49361851200981594
13040963,1.0470053854456218
12025663,0.8422118189533142
13032431,0.20951726164565254
14017033,0.3468337644079633
11018136,0.7126277799274152
12012856,0.3481073306995589
11052000,0.5882260473112771
13019171,0.7040944943010705
12013071,0.6689944799596362
12011447,0.4869090932399267
14013281,0.9560908401341965
12025475,0.7311955888359984
13051130,0.15076007646323522
13101025,1.1416651623353167
12015530,0.4891236671939978
13042266,0.9418502593088374
13005179,0.7465488422098047
13012511,1.2381927033263045
13048754,0.5318524316059446
12029049,1.2042317891197167
13011280,0.7240385056876191
12023771,1.0470053854456218
13042262,1.3342412006103082
12012773,0.6496770117494063
11051188,0.4943466269658644
13034390,0.8573262592211218
12008212,0.43530042402555025
11045255,0.6661427207366096
11020653,0.5692746045175189
14013683,0.49831027662741023
12021113,1.3636987636160653
12009217,0.20725669963889473
14013349,0.6295285698681296
13050949,0.6808536099780861
14012673,0.5839939475900221
12012813,0.9866891776092404
12019054,0.5631049216029863
13051014,1.122221185026157
14018913,0.48964880148313317
12016111,0.6652754040314766
13040146,1.3008304951628717
14021941,0.6742774266609668
12015685,1.1750522268836014
12008204,0.8681850446927982
11007167,0.6105866013152454
11047082,0.6016575018915231
13050604,0.44336890845857285
11100629,1.0992520075385614
13027779,1.2342373311650443
13032584,0.7313103111456708
13059261,0.8642550554416092
13049879,0.4702444308074163
13034285,1.0307252104786482
12016021,0.7170483906648931
13026016,0.5515674993172454
13018018,0.5320313701457177
13011004,0.7624850314195906
14024026,1.0775206134639832
13042181,0.634748465437942
12009163,0.9110976076521413
13042229,0.656725895424101
13017369,1.1504678196187514
14023332,0.757774198550148
13050616,0.19575028329416935
13036325,0.6053405708997366
12019113,0.2989650347440511
11045251,0.5650247434631313
13056185,0.41705322591559524
13002626,1.0030357521608917
11046580,0.6841646560201882
12016369,0.3751458579265529
13057051,1.1339656181699305
11033799,0.14817130829566727
14012889,1.1521059278478671
12008171,0.756696018625138
12027424,0.9398173560503461
12027706,0.7399303946507522
14040532,1.0825787098411939
13049208,1.0620060532307163
13017358,1.3983391918928016
12023983,0.41220706479196434
13050974,0.7434472629314556
11052964,0.5675931279191788
13055873,1.060275058895394
12011911,1.0470053854456218
11026421,0.5391878414013377
13041590,0.6903295519849286
12007564,0.5161135389443164
12016117,0.40101470315147747
12024024,1.278119746675761
13058247,0.5679737648738821
12008195,0.7869844403095329
11040804,0.8229761330680401
14018060,1.0470053854456218
11014783,1.0187423765318644
13019179,0.8273392317789445
11021057,1.075408569300537
13010499,0.48632790136193227
13041540,1.1223888361426306
14018751,0.9220510614993032
13025314,1.3393653845383233
14018321,1.0470053854456218
13100746,0.6530164941270089
12028256,0.5614571463793855
13018044,0.3314198857247914
13056265,1.0830987318287832
11033186,1.023727712714449
13020308,0.6923033396366485
14007622,0.7154526198164638
13100956,0.9649745798651624
12021017,1.0154835258826573
13101705,0.5696595877273019
13100470,1.1325395197235142
13033884,0.443930111696444
14033767,0.22297466081320158
12009170,0.6277498056435222
13042886,1.2652578115084105
14008403,0.25036920587972317
12020545,0.675125566863701
14016630,0.38727860291094524
11019744,0.9459818296454069
12017450,1.3969290740515115
13036653,0.7643504726891851
13101175,1.0470053854456218
13012742,1.3355087587731822
13042847,0.5315435112078891
12100268,0.8398475339962066
14018748,0.9368367544870114
11039034,1.0156994035912066
14034498,0.36645545593548134
11045872,0.23613359661326755
13035730,0.5284812176392439
12019977,1.2271979533723558
11100651,0.7015681561670276
11039609,1.0308821834692958
11051141,0.6345081364038526
12007466,1.1097255204657825
11006983,1.1401543803246705
11025863,0.8068027370452499
13011752,0.6349317843563179
12020639,0.9514306566603608
13025217,0.8139286582006632
13056093,0.772426789226225
12028560,0.5795769744992593
13043521,1.1213015555351435
12020704,0.4685173413760502
13042321,0.2384574363184238
13033220,0.5453165191214947
12024246,0.8066775918320737
13041617,0.6476108048129463
12004580,0.9378417209361661
12024305,0.9437970874781831
13058120,1.07820222276765
12015924,0.8667845102884032
13049158,1.2940919364748058
13049640,0.6715835089858502
11040275,0.6499820461414216
13064800,0.5605310279809013
13051577,1.2776681303277622
12009204,0.5339089661691809
13034938,0.7626027271725692
13018911,0.729012506006568
11047369,0.4578090417275905
12028707,0.330048344245034
11007803,0.2118225214168427
13003407,0.8869348411032176
12009029,0.6717511376594577
11100783,0.542674673223542
13058746,1.091411058540784
13025060,0.6289810122402617
13040115,0.6810490839287537
14016670,0.7248648587463957
14039183,1.0259141377699423
11045624,1.1052712519826204
12020970,0.6019025903293461
11039127,0.1949556845560398
12019759,0.3134027278957135
14013109,0.6243661552923888
12025191,1.0150709713163928
12012479,0.3509062737016099
12005145,0.30548416569366127
13026087,0.5837832613563854
13009876,0.6610273678342284
12013243,0.9835895286476177
12025179,0.2827249965669302
12004349,0.6462067890050422
12013032,0.5069335657121414
13101684,0.6102189447324196
11040034,1.0994543709349298
13018540,1.06371406960768
13033763,0.7831575391124159
14039651,0.9840182616261669
12020323,1.1150325700106445
11044555,0.612431631236632
11039297,0.9912313384918455
13055460,0.5744847612118898
11045856,1.0033164885352663
13035899,0.8969465730652412
13012173,0.8128342234335371
13019136,0.3395922174574102
13026783,0.9322202915064589
13017297,0.28692639773676315
11100402,0.960548132276735
13034092,0.812069095682205
13035921,1.2485838156251432
11050713,0.3896683363616484
12004413,0.5646544733964622
12028303,0.9759097631167412
13036116,0.964121095623573
14012977,0.7104555908135262
14023747,0.5878111198261743
13051177,0.2808181785471723
11045892,0.783804314492857
11045200,0.2696613385834021
12020074,1.1076938927316171
11052945,1.1669045191977858
12016007,0.6892772334377438
11020260,0.5202787391252468
12004718,0.2831675178553987
11052261,0.6963849586721395
11026375,0.760706266066955
11027930,0.7655116597626863
13033574,0.6262934359058414
14023051,0.5660255366412216
14013845,0.6252513731059804
13005478,1.1527554638027693
11044005,0.29887104949522253
14100335,0.6479921258321594
11027862,0.7955636754046211
12012516,0.6095476962420485
13049583,0.2735114647513479
12016018,0.7462348001069274
12008443,0.3149615278044442
13041849,0.9982033629785457
13051068,0.6163169161985649
13044147,0.7950226270290016
13025531,0.3303743220867791
14006367,1.0972225608763009
12023606,0.898746698656919
13018015,0.4520484105403148
11051733,0.9649745798651624
13017893,0.9769584654370697
14022815,1.0896356388775357
13101997,0.6651300582879418
12016305,0.9350893082649065
11024959,1.0897582827537269
12021068,0.7150967326826415
12009396,0.5140271059613235
14013542,0.7650956066374109
13063516,0.7307793267653617
12025209,0.538684694584992
11012866,0.6043436876695656
12024312,0.9213578040194419
12016919,0.2654063375087798
13035723,0.2823339723509659
13036633,0.680839274582195
13025570,1.2904672819397762
11044046,0.36810987733492395
12100580,1.015251089225838
13042955,0.39331661530067596
14022958,0.9819704566501435
13039568,0.6044977034737569
12028967,1.1385321780773414
14011849,0.7799371301146946
12025594,0.5689431783778016
12007558,0.7372638148127313
13028726,0.544650164035286
11039114,0.6128951993243877
13035176,1.1180484257876222
12007835,0.8458087517843508
11047639,0.4642335126486737
13035322,0.9462559741595038
13033872,0.6675435102081598
12029391,0.8041579852072214
13027414,0.8269610767083553
13019122,0.5963550094503669
12024666,0.7075614305418487
13017910,1.1265430852649398
12016346,0.6145397166258941
14013673,0.7008292128695791
12016725,0.2868166526744502
12008840,0.394718199696583
13049384,1.0470053854456218
14017554,0.45237568209296425
11033355,1.180486132966721
12020795,1.0470053854456218
12020411,0.5976338277280632
13026034,1.1413282081006955
11008124,0.7138948402771652
13012923,0.7970050571468543
13011173,0.7175920879171501
13027512,0.6717437173105875
13027506,0.33311922556798174
14039546,0.8348958538380125
12008819,0.9702231366056601
12019453,1.1822535634288243
13036529,0.4524305396058268
12024401,1.0982883112650572
12005807,0.6006623771794055
11050874,0.3915059225488404
12025366,0.5800893244059403
13009874,1.0914110808641773
11045172,0.5118366381411663
13019733,0.7380614594185625
13032167,0.9724729873858827
13005291,1.387468335614747
14024236,1.0470053854456218
12023720,0.36109966793477877
13017070,1.1815878970308122
13041788,0.7210080733206651
13004618,0.8192819289950654
11033821,0.4910882304487597
14017734,1.2072426064196768
13058149,0.395089130105739
13064585,0.37892021444254703
